,,,,,,,,,,,,,,,,
"//!","Linux distribution timeline data sheet",,,,,,,,,,,,,,,
"//!","Copyright (C) 2010-2012 Donjan Rodic, Andreas Lundqvist, Mohammed A. Mustafa",,,,,,,,,,,,,,,
"//!","Copyright (C) 2016 Muhammad Herdiansyah",,,,,,,,,,,,,,,
"//!","Copyright (C) 2016-2021 Fabio Loli",,,,,,,,,,,,,,,
"//!","Copyright (C) 2021 OkayPJ",,,,,,,,,,,,,,,
"//!","Maintained by Fabio Loli",,,,,,,,,,,,,,,
"//!","Design assistance - Aleksandar Urošević",,,,,,,,,,,,,,,
"//!","Original idea (“Línea del tiempo Distribuciones Linux”) - José Alex Sandoval",,,,,,,,,,,,,,,
"//!","Permission is granted to copy, distribute and/or modify this document",,,,,,,,,,,,,,,
"//!","under the terms of the GNU Free Documentation License, Version 1.3",,,,,,,,,,,,,,,
"//!","or any later version published by the Free Software Foundation;",,,,,,,,,,,,,,,
"//!","with no Invariant Sections, no Front-Cover Texts, and no Back-Cover Texts.",,,,,,,,,,,,,,,
"//!",,,,,,,,,,,,,,,,
"//!",,,,,,,,,,,,,,,,
"//","Open/save this file as a standard CSV  <=>  comma (,) separated and double quotes ("") as text delimiter.",,,,,,,,,,,,,,,
"//","You can safely insert commas or double quotes into data fields.",,,,,,,,,,,,,,,
"//","EXCEPTION: Don't insert a comma right after a double quote, since this terminates the field.",,,,,,,,,,,,,,,
"//","When editing with LibreOffice Calc, load the file with “quoted field as text” turned on to prevent autoformatting.",,,,,,,,,,,,,,,
"//",,,,,,,,,,,,,,,,
"//!","gnuclad parses this correctly no matter in what order the nodes are. You can swap any lines.",,,,,,,,,,,,,,,
"//!",,,,,,,,,,,,,,,,
"//!","Empty lines get ignored, the first column controls the rest of the line:",,,,,,,,,,,,,,,
"//!","# = comment, N = node, C = connector, D = domain",,,,,,,,,,,,,,,
"//!","SVG = SVG image to include, PNG = PNG image to include",,,,,,,,,,,,,,,
"//!",,,,,,,,,,,,,,,,
,,,,,,,,,,,,,,,,
"#","Nodes",,,,,,,,,,,,,,,
"#","Name","Color","Parent","Start","Stop","Icon","Description","[Namechange","When","Description","[Namechange","When","Description",". . . ]]",,
"N","SLS","#9c8ac4",,"1992.6","1994.1",,,,,,,,,,,
"N","Slackware","#000","SLS","1993.7.16",,"images/slackware.svg",,,,,,,,,,
"N","S.u.S.E","#438643","Slackware","1994.3","1996.5",,,,,,,,,,,
"N","MNIS","#516b9e","Slackware","1995.2.1","2004.9",,,,,,,,,,,
"N","Burapha","#77f7ff","Slackware","1997.6","2013.09.7",,,,,,,,,,,
"N","Plagia","#000","Slackware","1997.6",,,,"Plamo Linux","2013.05.24",,,,,,,
"N","Stampede","#866846","Slackware","1997.12.4","2002.3.1",,,,,,,,,,,
"N","VectorLinux","#504ca3","Slackware","2000.6.30","2019.07.03",,,,,,,,,,,
"N","Tiny","#444466","Slackware","2000.4.6","2005.8.24",,,,,,,,,,,
"N","Splack Linux","#000","Slackware","2001.07.14","2006.08.5",,,,,,,,,,,
"N","Slax","#aadc87","Slackware","2002.5","2017.11.16",,,,,,,,,,,
"N","CDLinux","#2cc3e9","Slackware","2003.4.10","2013",,,,,,,,,,,
"N","DNALinux","#496da7","Slax","2004.2","2009.04.19",,,,,,,,,,,
"N","WHAX","#445fff","Slax","2005.7.3","2006.2.5",,,,,,,,,,,
"N","Wolvix","#5a5a5a","Slax","2005.8","2013.04.18",,,,,,,,,,,
"N","SLAMPP","#ff4343","Slax","2005.9.19","2011.10.30",,,,,,,,,,,
"N","Gnu-HALO","#3c5c47","Slax","2006.6","2006.12",,,,,,,,,,,
"N","EvilEntity","#8b179c","Slackware","2002.4.26","2004.12.7",,,,,,,,,,,
"N","Topologilinux","#000","Slackware","2002.8.25","2011.05.07",,,,,,,,,,,
"N","DeLi Linux","#767676","Slackware","2002.11.2",,,,"ConnochaetOS","2010.11.13",,,,,,,
"N","DeLicate","#cc8844","DeLi Linux","2011.10.22","2017.06.16",,,,,,,,,,,
"N","Stux","#ff0000","Slackware","2003.9.1","2011.09.9",,,"STUX","2003.11.1",,,,,,,
"N","Kwort","#135cae","Slackware","2003.10.26",,,,,,,,,,,,
"N","DARKSTAR","#705ca4","Slackware","2004.2","2008.1.6",,,,,,,,,,,
"N","AUSTRUMI","#d5bc60","Slackware","2004.3",,,,,,,,,,,,
"N","Minislack","#496da7","Slackware","2004.5.21",,,,"Zenwalk","2005.8.12",,,,,,,
"N","GoblinX","#e68200","Slackware","2004.7","2014.06.11",,,"Imagineos","2010.7.1",,,,,,,
"N","Slack/390","#444444","Slackware","2004.7.6","2012.10.18",,,,,,,,,,,
"N","HostGIS","#654321","Slackware","2004.8","2010",,,,,,,,,,,
"N","Kate","#e48a67","Slackware","2004.10.9","2009.6",,,"KateOS","2005.5.6",,,,,,,
"N","NimbleX","#ad2028","Slackware","2004.10.20",,,,,,,,,,,,
"N","MOPSLinux","#50c846","Slackware","2004.11","2015.12.30",,,"AgiliaLinux","2010.4.22",,,,,,,
"N","Slamd64","#5a5050","Slackware","2005.1.19","2009.2.1",,,,,,,,,,,
"N","AliXe","#1CA537","Slackware","2005.2.5","2007.9.24",,,,,,,,,,,
"N","NetSecL","#334d55","Slackware","2005.5.6",,,,,,,,,,,,
"N","pQui","#105289","Slackware","2005.7","2013.11.08",,,,,,,,,,,
"N","Slackintosh","#6496fa","Slackware","2005.9.29","2011.06.07",,,,,,,,,,,
"N","Sauver","#b140c3","Slackware","2006.1.1",,,,,,,,,,,,
"N","RIP","#2b1bb0","Slackware","2006.5.5","2015.01.15",,,,,,,,,,,
"N","Voltalinux","#44dafd","Slackware","2006.6","2008.6",,,,,,,,,,,
"N","How-Tux","#dcd140","Slackware","2006.10","2008.3",,,,,,,,,,,
"N","Bluewhite64","#2356e6","Slackware","2006.10.4","2012.11.16",,,,,,,,,,,
"N","Absolute","#5a4114","Slackware","2006.10.22",,,,,,,,,,,,
"N","Wifislax","#303030","Slackware","2006.12.21",,,,,,,,,,,,
"N","Parted Magic","#58738f","Slackware","2007.01",,,,,,,,,,,,
"N","ARMedslack","#000","Slackware","2007.1.18",,,,"Slackware ARM","2012.8.25",,,,,,,
"N","SL4P","#000","ARMedslack","2012.3.20",,,,,,,,,,,,
"N","Draco","#bf0000","Slackware","2007.5.17","2015.12.23",,,,,,,,,,,
"N","SMS","#6283b9","Slackware","2007.8.10","2019.10.05",,,"Superb Mini Server","2010.6.11",,,,,,,
"N","Wifiway","#303030","Slackware","2008.12.3","2013.11.26",,,,,,,,,,,
"N","PLATYPUX","#884411","Slackware","2008.12.29","2014.11.9",,,,,,,,,,,
"N","Kongoni","#fec367","Slackware","2009.2","2014.07.15",,,,,,,,,,,
"N","Linvo","#9cc720","Slackware","2009.3.28","2014.07.14",,,,,,,,,,,
"N","Lin2Go","#2266cc","Slackware","2009.4","2010.12",,,,,,,,,,,
"N","Salix","#6e9834","Slackware","2009.9.16",,,,,,,,,,,,
"N","SlaXBMC","#2d25ce","Slackware","2011.6.1","2015",,,,,,,,,,,
"N","Slackel","#ddee22","Slackware","2011.6.16",,,,,,,,,,,,
"N","Porteus","#000099","Slackware","2011.6.20",,,,,,,,,,,,
,,,,,,,,,,,,,,,,
"N","Debian","#bf1238",,"1993.8.16",,"images/debian.svg",,,,,,,,,,
"N","Libranet","#0169c9","Debian","1999.11.9","2005.4.25",,,,,,,,,,,
"N","Corel","#ecba5b","Debian","1999.9","2008.8.2",,,"Xandros","2001.8.29",,,,,,,
"N","Storm","#2a2a98","Debian","1999.12","2001.4",,,,,,,,,,,
"N","ARMA aka Omoikane","#bfd0d6","Debian","2000.2",,,,,,,,,,,,
"N","ARMA","#bfd0d6","Debian","2000.2",,,,,,,,,,,,
"N","Knoppix","#c7bff0","Debian","2000.9.30",,,,,,,,,,,,
"N","Kurumin","#42328e","Knoppix","2003.2.18","2009.1.29",,,,,,,,,,,
"N","Gnoppix","#000","Knoppix","2003.6","2006",,,,,,,,,,,
"N","Dizinha","#88bff7","Kurumin","2004.1.4","2008",,,,,,,,,,,
"N","Knorpora","#4169E1","Knoppix","2004.4.29","2004.4.29",,,,,,,,,,,
"N","NeoDizinha","#b6dbf6","Dizinha","2006.5","2009.12.26",,,"Patinho Faminto","2006.8",,,,,,,
"N","Kalango","#a0a067","Kurumin","2004.2.1","2006.11.7",,,,,,,,,,,
"N","Poseidon","#42328e","Kurumin","2005.3.10","2012.07.27",,,,,,,,,,,
"N","Quantian","#3366dd","Knoppix","2003.3.6","2006.3.1",,,,,,,,,,,
"N","Damn Small Linux","#cb9340","Knoppix","2003.6","2015.09.27",,,,,,,,,,,
"N","Hikarunix","#e48535","Damn Small Linux","2004.9.17","2005.9.21",,,,,,,,,,,
"N","DSL-N","#000","Damn Small Linux","2006.5.8","2006.8.24",,,,,,,,,,,
"N","Damn Vulnerable Linux","#ef0101","Damn Small Linux","2006.11","2010.12",,,,,,,,,,,
"N","Morphix","#8b8b8b","Knoppix","2003.3.19","2010.3.29",,,,,,,,,,,
"N","Hiwix","#15A7E5","Morphix","2004.2.28","2004.7.22",,,"Hiweed Desktop","2004.3.3",,,,,,,
"N","Aquamorph","#38587c","Morphix","2004.5","2007.09.05",,,,,,,,,,,
"N","ZoneCD","#020202","Morphix","2004.6","2005.11.16",,,,,,,,,,,
"N","Dreamlinux","#009c9c","Morphix","2006.2.12","2012.9",,,,,,,,,,,
"N","Shift Linux","#006e92","Morphix","2006.07.1","2009.05.8",,,,,,,,,,,
"N","Danix","#3b679f","Knoppix","2003.11.5","2008.10.08",,,,,,,,,,,
"N","Shabdix","#f64f67","Knoppix","2003.12.26","2004.9",,,,,,,,,,,
"N","INSERT","#003399","Knoppix","2003.8.1","2007.2.27",,,,,,,,,,,
"N","KnoppMyth","#92bac4","Knoppix","2003.8.8","2009.1.28",,,,,,,,,,,
"N","Medialinux","#778888","Knoppix","2003.11","2014.09.16",,,"Mediainlinux","2004.7",,"ArtistX","2006.11",,,,
"N","Kanotix","#c8b582","Knoppix","2003.12.24",,,,,,,,,,,,
"N","Parsix","#e48535","Kanotix","2005.1.25","2017.05.19",,,,,,,,,,,
"N","Feather","#828282","Knoppix","2003.12","2005.7.4",,,,,,,,,,,
"N","Bioknoppix","#5e4ab0","Knoppix","2004.2.20","2004.8.13",,,,,,,,,,,
"N","Joatha","#000","Knoppix","2004.4",,,,,,,,,,,,
"N","Auditor Security Collection","#557c94","Knoppix","2004.5.20","2010.1.9",,,"Backtrack","2006.5.26",,,,,,,
"N","MAX","#477dbe","Knoppix","2004.5.27","2007.03",,,,,,,,,,,
"N","B2D","#99ccff","Knoppix","2004.6","2010.5.16",,,,"INFO:",,,,,,,
"N","Kaella","#be2800","Knoppix","2004.7","2008.09.20",,,,,,,,,,,
"N","Whoppix","#445fff","Knoppix","2004.8","2005.7.3",,,,,,,,,,,
"N","Symphony OS","#d41316","Knoppix","2005.5.12","2016.07.28",,,,,,,,,,,
"N","ParallelKnoppix","#a0553c","Knoppix","2005.4.25","2008.3.1",,,,,,,,,,,
"N","Musix","#000064","Knoppix","2005.9.12","2017.03.28",,,,,,,,,,,
"N","Gibraltar","#f00","Debian","2000.7.31","2014.04.14",,,,,,,,,,,
"N","Progeny","#121356","Debian","2001.4.9","2007.4.30",,,,,,,,,,,
"N","Skolelinux","#e0b1b7","Debian","2001.7.2",,,,"DebianEdu","2016.07.3",,,,,,,
"N","DeMuDi","#be41e3","Debian","2001.7.19","2006",,,,,,,,,,,
"N","64Studio","#ABBEE4","DeMuDi","2005.4","2013.04.21",,,,,,,,,,,
"N","Lindows","#3b806e","Debian","2001.8",,,,"Linspire","2004",,,,,,,
"N","Freespire","#007197","Lindows","2006.4.24",,,,,,,,,,,,
"N","gnuLinEx","#30632a","Debian","2002.6.9","2011.12.31",,,,,,,,,,,
"N","Lihuen","#b3c4ac","gnuLinEx","2005.9.1",,,,,,,,,,,,
"N","Rxart","#666666","Debian","2002.12",,,,,,,,,,,,
"N","BlackRhino","#e55522","Debian","2003.3.4","2007.5",,,,,,,,,,,
"N","miniwoody","#12ad12","Debian","2003.3.15","2004.1.14",,,"Bonzai","2003.5.20",,,,,,,
"N","MEPIS","#8598c0","Debian","2003.5","2016.07.29",,,"SimplyMEPIS","2004.9.7",,,,,,,
"N","antiX","#443300","MEPIS","2007.8.22",,,,,,,,,,,,
"N","Swift","#00ae01","antiX","2010.11.15",,,,,,,,,,,,
"N","ASLinux","#e3763f","Debian","2003.10.1","2008.02.10",,,,,,,,,,,
"N","Impi","#050505","Debian","2003.11.1","2006.1",,,,,,,,,,,
"N","Xebian","#dfdfdf","Debian","2003.12.17","2005.6.28",,,,,,,,,,,
"N","Bluewall","#4bb8c9","Debian","2004.1.6","2006.2.5",,,,,,,,,,,
"N","Amber","#ff9900","Debian","2004.2","2006.4",,,,,,,,,,,
"N","K-DEMar","#416db7","Debian","2004.2.14","2017.05.15",,,"kademar","2009.6.6",,,,,,,
"N","Guadalinex","#369036","Debian","2004.2.24","2017.11.21",,,,,,,,,,,
"N","Euronode","#ff2222","Debian","2004.3.13","2006.1.10",,,,"INFO:",,,,,,,
"N","DRBL","#333","Debian","2004.4.1",,,,,,,,,,,,
"N","DeadCD","#9bb657","Debian","2004.4","2006.6",,,"Olive","2006.5",,,,,,,
"N","Clonezilla Live","#f79f5d","Debian","2004.5",,,,,,,,,,,,
"N","Underground Desktop","#cc3344","Debian","2004.6","2006.10.14",,,,,,,,,,,
"N","Hiweed Linux","#15A7E5","Debian","2004.7.22","2006.09.25",,,,,,,,,,,
"N","grml","#e7c71c","Debian","2004.8.31",,,,,,,,,,,,
"N","UserLinux","#ddbb66","Debian","2004.9","2005.5",,,,,,,,,,,
"N","Ubuntu","#e95420","Debian","2004.10.20",,,,,,,,,,,,
"N","Ubuntu Touch","#e95420","Ubuntu","2013.10.17",,,,,,,,,,,,
"N","Kubuntu","#4f5695","Ubuntu","2005.4.8",,,,,,,,,,,,
"N","Bardinux","#832c6a","Kubuntu","2006.7.7","2017.05.28",,,,,,,,,,,
"N","Ulteo","#4fb75e","Kubuntu","2006.12.7","2017.06.29",,,,,,,,,,,
"N","DEFT Linux","#555555","Kubuntu","2007.1","2007.12.06",,,,,,,,,,,
"N","Polippix","#66aacc","Kubuntu","2007.3.20","2008.04",,,,,,,,,,,
"N","Asturix","#55cc00","Kubuntu","2009.2.5","2013.01.09",,,,,,,,,,,
"N","Netrunner","#5997de","Kubuntu","2010.3.18","2016.10.23",,,,,,,,,,,
"N","Edubuntu","#a12726","Ubuntu","2005.10.13","2019.04.30",,,,,,,,,,,
"N","Arabian","#225571","Ubuntu","2005.3","2009.7",,,,,,,,,,,
"N","nUbuntu","#702b2e","Ubuntu","2005.12.18","2010.4.4 ",,,,,,,,,,,
"N","Gobuntu","#159033","Ubuntu","2005.11.24","2008.6.13",,,,,,,,,,,
"N","Xubuntu","#53525f","Ubuntu","2006.6.1",,,,,,,,,,,,
"N","NOI Linux","#53525f","Ubuntu","2007.6",,,,,,,,,,,,
"N","DEFT Linux ","#555555","Xubuntu","2007.12.06","2010.11.9",,,,,,,,,,,
"N","PC/OS","#000000","Xubuntu","2008.8.31","2017.11.27",,,"OS4","2012.7.11",,"Black Lab","2015.2.1",,,,
"N","Runtu","#3c72ae","Xubuntu","2008.10.1","2021.3.9",,,,,,,,,,,
"N","ue17remix","#a3b2c1","Ubuntu","2011.11.20","2014.6.26",,,,,,,,,,,
"N","Voyager","#f55a1b","Xubuntu","2012.5.3",,,,,,,,,,,,
"N","Mystras OS","#DD4B39","Xubuntu","2012.2.8","2013.5.9",,,,,,,,,,,
"N","Xinutop","#002658","Xubuntu","2012.5.2","2016.10",,,,,,,,,,,
"N","Peach OSI","#E64135","Xubuntu","2014.06",,,,,,,,,,,,
"N","ChaletOS","#797979","Xubuntu","2015.8.17",,,,,,,,,,,,
"N","GalliumOS","#6cd6de","Xubuntu","2015.11.10",,,,,,,,,,,,
"N","Christian Edition","#761f0c","Ubuntu","2006.7.23","2015.09.06",,,,,,,,,,,
"N","PUD","#5c7684","Ubuntu","2006.8","2011.11.02",,,"xPUD","2008.6.1",,,,,,,
"N","Linux Mint","#5fec52","Ubuntu","2006.8.27",,,,,,,,,,,,
"N","Ultumix ","#000","Linux Mint","2007.12.30","2008.11.15",,,,,,,,,,,
"N","quantOS","#1b1b1b","Linux Mint","2011.6.15","2012.2.28",,,,,,,,,,,
"N","Commodore OS","#66aaff","Linux Mint","2011.11.11","2015.06.08",,,,,,,,,,,
"N","Hiweed Linux ","#15A7E5","Ubuntu","2006.09.25","2015.12.30",,,"Linux Deepin","2009.12.02",,"Deepin","2014.04.15",,"deepin","2015.04.28",,
"N","DeepinX","#15A7E5","Hiweed Linux ","2014.5.17","2014.6.2",,,,,,,,,,,
"N","gNewSense","#c1b384","Ubuntu","2006.11.2",,,,,,,,,,,,
"N","Satanic Edition","#f00","Ubuntu","2006.12.13","2011.12.6",,,,,,,,,,,
"N","Linuxfx","#0056ba","Ubuntu","2007.1",,,,,,,,,,,,
"N","Muslim Edition","#57793d","Ubuntu","2007.1.14","2012.05.05",,,"Sabily","2009.5.12",,,,,,,
"N","Uberyl","#0066bb","Ubuntu","2007.1.16","2015.12.08",,,"ComFusion","2007.7.31",,,,,,,
"N","MAX ","#477dbe","Ubuntu","2007.03",,,,,,,,,,,,
"N","Madbox","#666666","Ubuntu","2007.3.17","2017.04.30",,,,,,,,,,,
"N","Ubuntu Studio","#0099ee","Ubuntu","2007.5.10",,,,,,,,,,,,
"N","Kiwi","#f4b75e","Ubuntu","2007.10.1","2015.09.06",,,,,,,,,,,
"N","Geubuntu","#ee8354","Ubuntu","2007.9.13","2012.03.17",,,"OpenGEU","2008.1.13",,,,,,,
"N","Greenie","#829b1a","Ubuntu","2007.9.14",,,,,,,,,,,,
"N","Linux Lite","#e8e8e8","Ubuntu","2012.10.26",,,,,,,,,,,,
"N","Ubuntulite","#60b3ff","Ubuntu","2007.9","2011.08.27",,,"U-lite","2008.11.6",,,,,,,
"N","Fluxbuntu","#53ff5f","Ubuntu","2007.10.26","2010.10.26",,,,,,,,,,,
"N","Mythbuntu","#000","Ubuntu","2007.6.4","2016.11.04",,,,,,,,,,,
"N","Moblin","#3366bb","Ubuntu","2007.7","2008.8",,,,,,,,,,,
"N","gOS","#60b384","Ubuntu","2007.11.1","2009.1.3",,,,,,,,,,,
"N","Eeebuntu","#669ad0","Ubuntu","2007.12","2015.03.05",,,"Aurora OS","2010.6",,,,,,,
"N","CrunchBang","#000","Ubuntu","2008.1.22",,,,"Bunsen Labs","2015.02.16",,,,,,,
"N","CrunchBang++","#333","CrunchBang","2015.2.15",,,,,,,,,,,,
"N","Zebuntu","#c8ff00","Ubuntu","2008.2.15","2018.01.1",,,"ZevenOS","2008.12.19",,,,,,,
"N","Ubuntu Rescue Remix","#ddaa11","Ubuntu","2008.3.6","2015.04.26",,,,,,,,,,,
"N","Ultimate Edition","#999999","Ubuntu","2008.5",,,,,,,,,,,,
"N","JULinux","#000","Ultimate Edition","2009.5.22","2010.3.12",,,,,,,,,,,
"N","JULinux ","#000","Ubuntu","2010.3.12","2014.8.5",,,,,,,,,,,
"N","JULinux  ","#000","Xubuntu","2014.8.5","2016.4.3",,,,,,,,,,,
"N","JULinux   ","#000","Ubuntu","2016.4.3","2018.7.11",,,,,,,,,,,
"N","Ubuntu Eee","#c8ff84","Ubuntu","2008.6.9","2011.04.26",,,"Easy Peasy","2009.1.5",,,,,,,
"N","Leeenux","#2e5f5a","Ubuntu Eee","2009.10.17",,,,,,,,,,,,
"N","Maryan","#000","Ubuntu","2008.7.18","2008.7.18",,,,,,,,,,,
"N","MoonOS","#4CC334","Ubuntu","2008.8.1","2013.12.31",,,,,,,,,,,
"N","Zorin OS","#055AA0","Ubuntu","2008.10",,,,,,,,,,,,
"N","INX","#d8ac08","Ubuntu","2008.10.5","2009.04",,,,,,,,,,,
"N","eBox","#f49d00","Ubuntu","2008.10.18",,,,"Zentyal","2010.9.1",,,,,,,
"N","CAINE","#f3a424","Ubuntu","2008.10.25",,,,,,,,,,,,
"N","Newtoos","#2b4083","Ubuntu","2008.11.13","2013.03.00",,,,,,,,,,,
"N","XBMC Live","#4c4c4c","Ubuntu","2008.11.15","2014.08.07",,,"XBMCbuntu","2010.09.13",,,,,,,
"N","Vibuntu","#bbbbbb","Ubuntu","2008.12.6 ",,,,"VINUX","2008.12.12",,,,,,,
"N","AV","#334466","Ubuntu","2009.2","2020.5.10",,,"AV Linux","2009.5.8",,,,,,,
"N","Qimo","#1070c0","Ubuntu","2009.2.18","2013.05.27",,,,,,,,,,,
"N","Monomaxos","#002299","Ubuntu","2009.3","2014.08.08",,,,,,,,,,,
"N","Lubuntu","#0169c9","Ubuntu","2009.4.13",,,,,,,,,,,,
"N","Peppermint OS","#ae000e","Lubuntu","2010.4.22",,,,,,,,,,,,
"N","DEFT Linux  ","#555555","Lubuntu","2010.11.9","2019.2",,,,,,,,,,,
"N","OSGeo-Live","#49a942","Lubuntu","2012.03.01",,,,,,,,,,,,
"N","LXLE","#474747","Lubuntu","2013.8.19",,,,,,,,,,,,
"N","DragonOS_Focal","#495E3E","Lubuntu","2022.7.4","2025.4",,,,,,,,,,,
"N","wattOS","#68b03e","Ubuntu","2009.6.29","2019.09.01",,,,,,,,,,,
"N","Zenix OS","#000","Ubuntu","2009.11.9",,,,,,,,,,,,
"N","Ylmf OS","#228c2a","Ubuntu","2009.12.26","2016.1.17",,,"StartOS","2012.3.27",,,,,,,
"N","Backtrack ","#557c94","Ubuntu","2010.01.9","2013.3.14",,,,,,,,,,,
"N","Element","#006600","Ubuntu","2010.2.17","2013.09.01",,,,,,,,,,,
"N","GnackTrack","#d73838","Ubuntu","2010.4.19","2013.12.15",,,,,,,,,,,
"N","Dax OS","#000","Ubuntu","2010.5.1",,,,,,,,,,,,
"N","Jolicloud","#37b9e3","Ubuntu","2010.7.9","2013.11.22",,,,,,,,,,,
"N","AriOS","#6282A9","Ubuntu","2010.8.11","2015.10.06",,,,,,,,,,,
"N","SecUntu","#aac8e0","Ubuntu","2010.9.1","2015.11.08",,,,,,,,,,,
"N","Tango Studio","#729fcf","Ubuntu","2010.9.6","2015.06.15",,,,,,,,,,,
"N","BackBox","#2e2e2e","Ubuntu","2010.9.9",,,,,,,,,,,,
"N","Dream Studio","#636","Ubuntu","2010.9.11","2016.06.27",,,,,,,,,,,
"N","Pinguy OS","#05a7fb","Ubuntu","2010.9.20",,,,,,,,,,,,
"N","Ubuntu GNOME","#0087ed","Ubuntu","2012.10","2017.10.10",,,,,,,,,,,
"N","NodeZero","#121315","Ubuntu","2010.10.6",,,,,,,,,,,,
"N","Bodhi","#5b860a","Ubuntu","2010.11.17",,,,,,,,,,,,
"N","Blackbuntu","#000","Ubuntu","2010.12.23",,,,,,,,,,,,
"N","P@xtreme","#000","Ubuntu","2011.1.8","2011.07.13",,,,,,,,,,,
"N","iQunix OS","#8866ee","Ubuntu","2011.3.15","2017",,,,,,,,,,,
"N","elementary OS","#47A8E9","Ubuntu","2011.3.31",,,,,,,,,,,,
"N","icefeast","#0053bf","Ubuntu","2011.4.21","2013",,,,,,,,,,,
"N","Sn0wL1nuX","#88aaaa","Ubuntu","2011.5.1",,,,"LuninuX OS","2011.11.9",,,,,,,
"N","Bigtux","#219cc5","Ubuntu","2011.6.9",,,,,,,,,,,,
"N","Jeoss","#595959","Ubuntu","2011.6.18",,,,,,,,,,,,
"N","Redo","#345278","Ubuntu","2011.7.1",,,,,,,,,,,,
"N","Pear OS","#777777","Ubuntu","2011.8.15","2014.01.20",,,,,,,,,,,
"N","Freezy","#000","Ubuntu","2011.11.3",,,,,"INFO:",,,,,,,
"N","Linkat  ","#fcbe32","Ubuntu","2011.11.25",,,,,,,,,,,,
"N","Descent|OS","#0066FF","Ubuntu","2011.12.13","2017.02.20",,,,,,,,,,,
"N","Arduloko OS","#155c06","Ubuntu","2012.2.21",,,,,,,,,,,,
"N","TorBOX","#000","Ubuntu","2012.2.29",,,,"Whonix","2012.9",,,,,,,
"N","Hybride","#9944ff","Ubuntu","2012.5.5",,,,,,,,,,,,
"N","Mandragora","#000","Ubuntu","2012.5.17",,,,,,,,,,,,
"N","jfLinux","#b0b366","Ubuntu","2012.5.21",,,,,,,,,,,,
"N","Penguin-OS","#000","Ubuntu","2012.6.3",,,,,,,,,,,,
"N","Ubuntu-Pack","#83c225","Ubuntu","2012.6.24",,,,,,,,,,,,
"N","Airinux","#000","Ubuntu","2012.6.28",,,,,,,,,,,,
"N","Santoku","#444254","Ubuntu","2012.7.25","2015",,,,,,,,,,,
"N","Vulnix","#000","Ubuntu","2012.9.10",,,,,,,,,,,,
"N","Ubuntu Kylin","#347DC4","Ubuntu","2013.4.26",,,,,,,,,,,,
"N","KylinOS ","#1086E1","Ubuntu Kylin","2014.12.11",,,,,,,,,,,,
"N","ExTiX","#E89447","Ubuntu","2013.12.23",,,,,,,,,,,,
"N","iLinux OS","#1A56C4","Ubuntu","2015",,,,,,,,,,,,
"N","Ubuntu MATE","#93ae67","Ubuntu","2015.2",,,,,,,,,,,,
"N","JULinux    ","#000","Ubuntu MATE","2018.7.11",,,,,,,,,,,,
"N","makerGNU","#00a191","Ubuntu MATE","2019.2.8","2019.3.12",,,,,,,,,,,
"N","Snakeoil OS","#FFCC00","Ubuntu","2016.02.29",,,,,,,,,,,,
"N","KDE Neon","#0AB23B","Ubuntu","2016.04.20",,,,,,,,,,,,
"N","Maui Linux","#5997de","KDE Neon","2016.08.16","2020.03.05",,,,,,,,,,,
"N","Budgie-Remix","#404455","Ubuntu","2016.04.24",,,,"Ubuntu Budgie","2017.04.13",,,,,,,
"N","Pop!_OS","#48B9C7","Ubuntu","2017.06.29",,,,,,,,,,,,
"N","Drauger OS","#FB1F2C","Ubuntu","2018.05.04",,,,,,,,,,,,
"N","Tux Linux","#000","Ubuntu","2019.1.1",,,,,,,,,,,,
"N","SereneLinux","#26c6da","Ubuntu","2019.4",,,,,,,,,,,,
"N","Ubuntu Cinnamon Remix","#de6a2b","Ubuntu","2019.10.20",,,,,,,,,,,,
"N","UbuntuDDE Remix","#0097f4","Ubuntu","2020.4.10",,,,,,,,,,,,
"N","Martine OS","#32373c","UbuntuDDE Remix","2021.3.25",,,,,,,,,,,,
"N","Ubuntu Unity","#79008d","Ubuntu","2020.5.7",,,,,,,,,,,,
"N","BeatriX","#c7bff0","Debian","2004.11.24","2005.1.29",,,,,,,,,,,
"N","Arco-Debian","#555555","Debian","2004.12.1","2013.06.14",,,"Arc-Live","2008.11.25",,,,,,,
"N","MoLinux","#ad1d5a","Debian","2004.12.15","2011.12.24",,,,,,,,,,,
"N","Tirwal","#e20a16","MoLinux","2005.2","2006",,,,,,,,,,,
"N","BlankOn","#0c7a00","Debian","2005.2.1",,,,,,,,,,,,
"N","Voyage Linux","#005a8c","Debian","2005.2.14","2020.05.12",,,,,,,,,,,
"N","Trisquel","#5fc8ff","Debian","2005.4",,,,,,,,,,,,
"N","LliureX","#369","Debian","2005.6.5",,,,,,,,,,,,
"N","VENENUX","#1841bd","Debian","2005.6.6","2013.07.08",,,,,,,,,,,
"N","Elive","#ebe25f","Debian","2005.7.22",,,,,,,,,,,,
"N","Tuquito","#96dec8","Debian","2005.9","2015.06.29",,,,,,,,,,,
"N","Finnix ","#000","Debian","2005.10.23",,,,,,,,,,,,
"N","OS2005","#fa8700","Debian","2005.11","2012",,,"Maemo","2009.11",,"Meego Harmattan","2011.6.21",,,,
"N","Mamona","#8ac73c","OS2005","2007.11.15","2009.09.12",,,,,,,,,,,
"N","2XOS","#bb1111","Debian","2005.11.10","2015.05.14",,,,,,,,,,,
"N","NepaLinux","#a02727","Debian","2005.12.22","2009.05.25",,,,,,,,,,,
"N","Resulinux","#ff6600","Debian","2005.1.25","2013.07.23",,,,,,,,,,,
"N","Epidemic","#4da20f","Debian","2006.2.16","2016.03.05",,,,,,,,,,,
"N","Vyatta","#ff9933","Debian","2006.3.00","2017.10.5",,,"Brocade Vyatta vRouter","2013.04.00",,,,,,,
"N","VyOS","#E57D7D","Vyatta","2013.12.22",,,,,,,,,,,,
"N","Librassoc","#9999aa","Debian","2006.3.23","2008.1.18",,,,,,,,,,,
"N","PureOS","#2337ff","Debian","2006.8.5","2014.03.03",,,,,,,,,,,
"N","sidux","#7e7e86","Debian","2006.11.24","2016.05.05",,,"aptosid","2010.9.11",,,,,,,
"N","siduction","#535d6c","sidux","2011.12.21",,,,,,,,,,,,
"N","BOSS","#4848d2","Debian","2007.1.10",,,,,,,,,,,,
"N","Webconverger","#ffff00","Debian","2007.4.6",,,,,,,,,,,,
"N","PelicanHPC","#a0553c","Debian","2008.3.1",,,,,,,,,,,,
"N","GALPon MiniNo","#a9290a","Debian","2008.4",,,,,,,,,,,,
"N","Proxmox","#e36f1e","Debian","2008.4.15",,,,,,,,,,,,
"N","Estrella Roja","#f00","Debian","2008.6.11","2012.10.20",,,,,,,,,,,
"N","Inquisitor","#cc0000","Debian","2008.7.20","2012.10.20",,,,,,,,,,,
"N","Metamorphose","#5b7df7","Debian","2008.12",,,,,,,,,,,,
"N","Untangle","#82c86a","Debian","2009.4.10",,,,,,,,,,,,
"N","Canaima","#452f27","Debian","2009.6.5",,,,,,,,,,,,
"N","Tails","#6e2daf","Debian","2009.6.23",,,,,,,,,,,,
"N","Matriux","#dd2222","Debian","2009.11.27","2016.09.26",,,,,,,,,,,
"N","Semplice","#290c6a","Debian","2009.12.6","2018.09.18",,,,,,,,,,,
"N","Sword OS","#000","Debian","2010.3","2010.6.25",,,,,,,,,,,
"N","DoudouLinux","#524592","Debian","2010.6","2016.12.06",,,,,,,,,,,
"N","Linux Mint Debian Edition","#5fec52","Debian","2010.9.7",,,,,,,,,,,,
"N","UberStudent","#d8ab24","Debian","2010.9.3","2018.12.30",,,,,,,,,,,
"N","Progress","#2455a4","Debian","2010.11.23",,,,,,,,,,,,
"N","GNUGuitarINUX","#898989","Debian","2010.12.31","2014.08.31",,,,,,,,,,,
"N","SalineOS","#485588","Debian","2011.1.17","2013.12.22",,,,,,,,,,,
"N","Conducit","#000","Debian","2011.1.19",,,,,,,,,,,,
"N","Liquid Lemur","#457430","Debian","2011.2.2","2016",,,,,,,,,,,
"N","Red Ribbon","#000","Debian","2011.6.13","2016.04.15",,,,,,,,,,,
"N","Snowlinux","#095197","Debian","2011.7.17","2014.10.14",,,,,,,,,,,
"N","OpenMediaVault","#75777a","Debian","2011.10.17",,,,,,,,,,,,
"N","TurnKey","#d49773","Debian","2011.12.6",,,,,,,,,,,,
"N","srvRX live","#000","Debian","2012.3.10","2013.03.10",,,,,,,,,,,
"N","AtlasX","#447788","Debian","2012.4.1",,,,,,,,,,,,
"N","Xinutop ","#002658","Debian","2016.10","2020.06.30",,,,,,,,,,,
"N","SolusOS","#757A75","Debian","2012.05.07","2013.10.28",,,,,,,,,,,
"N","Xamin","#448bb8","Debian","2012.5.14","2019.1.23",,,,,,,,,,,
"N","YunoHost","#111111","Debian","2012.5.31",,,,,,,,,,,,
"N","LinuxBBQ","#ffea3c","Debian","2012.6.1","2017.06.08",,,,,,,,,,,
"N","Cultix","#003355","Debian","2012.6.27","2013.2.11",,,,,,,,,,,
"N","SprezzOS","#8070d8","Debian","2012.7.1","2014",,,,,,,,,,,
"N","Raspbian","#c61931","Debian","2012.6",,,,"Raspberry Pi OS","2020.05.28",,,,,,,
"N","Raspyfi","#48bd87","Raspbian","2012.12.21","2013.09.07",,,,,,,,,,,
"N","Raspbmc","#0090c4","Raspbian","2013.02.3",,,,"OSMC","2015.06.28",,,,,,,
"N","Moode","#D35400","Raspbian","2014.08.23",,,,,,,,,,,,
"N","Point Linux","#9ccaeb","Debian","2012.6.9","2019.06.21",,,,,,,,,,,
"N","Univention Corporate Server","#E51D3C","Debian","2012.12.14",,,,,,,,,,,,
"N","SparkyLinux","#898483","Debian","2012.12.19",,,,,,,,,,,,
"N","Bruces Custom Sparky Gnome","#7a879c","SparkyLinux","2016.6.11","2016.7.15",,,,,,,,,,,
"N","Sparky Linux Cinnamon remix","#005585","SparkyLinux","2018.6.10","2019.10.26",,,,,,,,,,,
"N","SparkyBonsai","#549549","SparkyLinux","2019.12.1",,,,,,,,,,,,
"N","SparkyOS","#898483","SparkyLinux","2020.2.24",,,,,,,,,,,,
"N","Kali","#557c94","Debian","2013.3.14",,,,,,,,,,,,
"N","Pardus ","#da9746","Debian","2013.03.27",,,,,,,,,,,,
"N","Gnoppix ","#18AEC1","Kali","2022.3.20",,,,,,,,,,,,
"N","Rebellin","#31abea","Debian","2013.4.16","2017.2.28",,,,,,,,,,,
"N","Rescatux","#ff6633","Debian","2013.8.14",,,,,,,,,,,,
"N","Volumio","#48bd87","Debian","2013.09.07",,,,,,,,,,,,
"N","SteamOS","#b55afb","Debian","2013.09.23","2020.06.30",,,,,,,,,,,
"N","Ye Olde SteamOSe","#2e2e2e","SteamOS","2013.12.17","2016.03",,,"Stephenson's Rocket","2014.03.22",,,,,,,
"N","Vaporos","#000","SteamOS","2015.11.10",,,,,,,,,,,,
"N","armbian","#c7c7c7","Debian","2013.12.24",,,,,,,,,,,,
"N","Tux Hat Linux Debian","#000","Debian","2013.3.1","2013.9.25",,,,,,,,,,,
"N","ToriOS","#be0000","Debian","2014.01.14",,,,,,,,,,,,
"N","Tanglu","#078002","Debian","2014.1.19","2020.06.11",,,,,,,,,,,
"N","RoboLinux","#7b7c7a","Debian","2014.2.20",,,,,,,,,,,,
"N","MX Linux","#506e88","Debian","2014.03.24",,,,,,,,,,,,
"N","AV Linux MX Edition","#334466","MX Linux","2020.5.10",,,,,,,,,,,,
"N","Endless OS","#f26522","Debian","2014.06.11",,,,,,,,,,,,
"N","Q4OS","#5f74c7","Debian","2014.07.17",,,,,,,,,,,,
"N","HandyLinux","#0098cd","Debian","2014.7.14","2018.04.6",,,,,,,,,,,
"N","SELKS","#761146","Debian","2014.10.17",,,,,,,,,,,,
"N","Devuan","#424252","Debian","2014.12.1",,,,,,,,,,,,
"N","Refracta","#4A3348","Devuan","2015.10.15",,,,,,,,,,,,
"N","Crowz","#000","Devuan","2016",,,,,,,,,,,,
"N","OSMC","#0090c4","Debian","2015.06.28",,,,,,,,,,,,
"N","DECODE OS","#000","Devuan","2018.1","2018.12",,,,,,,,,,,
"N","deepin","#15A7E5","Debian","2015.12.30",,,,,,,,,,,,
"N","PrimTux","#4e6d8c","Debian","2016.4.6",,,,,,,,,,,,
"N","Parrot","#95b8c8","Debian","2016.5.16",,,,,,,,,,,,
"N","Netrunner ","#5997de","Debian","2016.10.23",,,,,,,,,,,,
"N","Slax ","#aadc87","Debian","2017.11.16",,,,,,,,,,,,
"N","Amarok Linux","#7DF8FF","Debian","2019",,,,,,,,,,,,
"N","DebEX","#bf1238","Debian","2019.12.09",,,,,,,,,,,,
"N","Auxtral","#30B54A","Debian","2020.09",,,,,,,,,,,,
"N","Red Flag Desktop ","#e34043","Debian","2021.1.10",,,,,,,,,,,,
"N","Lilidog","#000","Debian","2021.2.19",,,,,,,,,,,,
"N","openKylin","#1A4CDB","Debian","2022.6.24",,,,,,,,,,,,
,,,,,,,,,,,,,,,,
"N","Red Hat","#cc0000",,"1994.11.3",,,,"Red Hat Enterprise Linux","2002.3.26",,,,,,,
"N","WGS Linux Pro","#ff5f00","Red Hat","1995","1997",,,,,,,,,,,
"N","COSIX Linux","#B60009","Red Hat","1999.11",,,,"NeoShine","2004.2",,"NeoKylin","2010.12.16",,,,,
"N","LinuxPPC","#4cc931","Red Hat","1997.4","2001",,,,,,,,,,,
"N","UltraPenguin","#000","Red Hat","1997.7","1998.12",,,,,,,,,,,
"N","Conectiva","#4c3065","Red Hat","1997.10","2005.1.24",,,,,,,,,,,
"N","Buhawi","#99ccff","Red Hat","1997.12.21","2004.9.18",,,,,,,,,,,
"N","PLD","#3f89d0","Red Hat","1998",,,,,,,,,,,,
"N","Turbolinux","#8c99ce","Red Hat","1998.6","2019.03.13",,,,,,,,,,,
"N","Mandrake","#3f48c9","Red Hat","1998.7.23","2015.5.27",,,"Mandriva","2005.4.8",,,,,,,
"N","Demolinux","#3333ff","Mandrake","1998.9","2002.7",,,,,,,,,,,
"N","Virtual","#8c8f96","Mandrake","2001.9.16","2002.5.3",,,,,,,,,,,
"N","ALT","#ebe04a","Mandrake","2001.3.25",,,,,,,,,,,,
"N","PCLinuxOS","#78ca75","Mandrake","2003.10",,,,,,,,,,,,
"N","TinyMe","#0000ff","PCLinuxOS","2006.11","2015.03.06",,,,,,,,,,,
"N","Granular","#ff0032","PCLinuxOS","2006.12.30","2012.01.20",,,,,,,,,,,
"N","Ultumix","#00FF00","PCLinuxOS","2007.11.16","2007.12.30",,,,,,,,,,,
"N","Garuda","#b21200","PCLinuxOS","2011.4.13","2012.12",,,,,,,,,,,
"N","Phinx","#004b68","PCLinuxOS","2011.8","2015.06.26",,,,,,,,,,,
"N","SAM","#007800","Mandrake","2003.10","2013.10.30",,,"SAMity","2010.6.30",,,,,,,
"N","blackPanther","#000","Mandrake","2003.12",,,,,,,,,,,,
"N","OpenSLS","#a6a5c5","Mandrake","2003.12.22","2007.12.30",,,"Annvix","2004.8.26",,,,,,,
"N","Unity Linux","#77EE00","Mandrake","2009.12.10","2015.03.03",,,,,,,,,,,
"N","ChameleonOS","#489F3E","Unity Linux","2010.07.12",,,,,,,,,,,,
"N","Mageia","#3f48c9","Mandrake","2010.9.18",,,,,,,,,,,,
"N","ROSA","#105289","Mandrake","2011.3.25",,,,,,,,,,,,
"N","OpenMandriva Lx","#0484c1","Mandrake","2013.6.18",,,,,,,,,,,,
"N","Eurielec","#040404","Red Hat","1998","2001.5.13",,,,,,,,,,,
"N","Fermi","#00309e","Red Hat","1998.8.31",,,,,,,,,,,,
"N","KRUD","#00adfb","Red Hat","1999","2005",,,,,,,,,,,
"N","e-smith","#d38b8e","Red Hat","1999.1",,,,"SME Server","2001.8",,,,,,,
"N","Eridani","#2625a4","Red Hat","1999.3","2003.8.5",,,,,,,,,,,
"N","Yellow Dog","#baba4c","Red Hat","1999.3.8","2012.8.6",,,,,,,,,,,
"N","Vine","#323296","Red Hat","1999.3.28",,,,,,,,,,,,
"N","Red Flag","#e34043","Red Hat","1999.8","2009",,,,,,,,,,,
"N","Armed","#d73ce2","Red Hat","1999.9.5","2002",,,,,,,,,,,
"N","Immunix","#bbd295","Red Hat","1999.10","2003.11.27",,,,,,,,,,,
"N","Kondara","#5d0202","Red Hat","1999.11.11","2002.7.15",,,,,,,,,,,
"N","Linpus","#afafaf","Red Hat","2000.1.28",,,,,,,,,,,,
"N","ELX","#44b6fd","Red Hat","2000.2","2006",,,,,,,,,,,
"N","Trustix","#c4c4c4","Red Hat","2000.3","2007.3.6",,,,,,,,,,,
"N","Finnix","#000","Red Hat","2000.3.22","2006.08",,,,,,,,,,,
"N","BU Linux","#e30000","Red Hat","2000.5","2004.7.14",,,,,,,,,,,
"N","Miracle Linux","#00ab4f","Red Hat","2000.8",,,,,,,,,,,,
"N","Asianux","#000","Miracle Linux","2004.6","2015.9",,,,,,,,,,,
"N","Happy Linux","#7ecce0","Red Hat","2000.9","2002.5",,,,,,,,,,,
"N","Pingo","#203e7f","Red Hat","2000.10.1","2007.1.1",,,,,,,,,,,
"N","Best","#000","Red Hat","2000.10.24","2004.12.24",,,"SOT","2002.4.24",,"LBA","2004.4.16",,,,
"N","Rocks","#1e2e41","Red Hat","2000.11",,,,,,,,,,,,
"N","ClarkConnect","#608921","Red Hat","2000.11",,,,"ClearOS","2009.10.5",,,,,,,
"N","ASPLinux","#8888dd","Red Hat","2001.3.22","2008.11.26",,,,,,,,,,,
"N","Aurora","#ffa51e","Red Hat","2001.11.5","2009.11.8",,,,,,,,,,,
"N","SuperRescue","#4ba284","Red Hat","2001.5.1","2003",,,,,,,,,,,
"N","Independence","#993333","Red Hat","2001.6","2008",,,,,,,,,,,
"N","HP Secure","#0d56ce","Red Hat","2001.7.26","2002.10.15",,,,,,,,,,,
"N","K12","#5ac8f0","Red Hat","2001.7","2017",,,,,,,,,,,
"N","EnGarde","#a54bdd","Red Hat","2001.12","2011.12.10",,,,,,,,,,,
"N","Haydar","#d9a020","Red Hat","2002.1.26","2003.4.6",,,,,,,,,,,
"N","Bayanihan","#2a5dd5","Red Hat","2002.6.20","2013.04.25",,,,,,,,,,,
"N","Aurox","#6fd96a","Red Hat","2002.11.13","2006.10.30",,,,,,,,,,,
"N","BLAG","#000","Red Hat","2002.10.22","2014.12.08",,,,,,,,,,,
"N","LinuxInstall","#fdbf44","Red Hat","2003.1.7","2003.7.21",,,,,,,,,,,
"N","Berry","#ffc300","Red Hat","2003.4.13",,,,,,,,,,,,
"N","AnNyung","#4c4c4c","Red Hat","2003.6.14",,,,,,,,,,,,
"N","ATmission","#a6865f","Red Hat","2003.8.23","2005.9.26",,,,,,,,,,,
"N","Fedora Core","#362e94","Red Hat","2003.11.6",,,,"Fedora","2007.5.31",,,,,,,
"N","NST","#000","Fedora Core","2003.12",,,,,,,,,,,,
"N","Momonga","#832519","Fedora Core","2004.8.6","2014.03.29",,,,,,,,,,,
"N","BU Linux ","#e30000","Fedora Core","2004.7.14","2010.2.3",,,,,,,,,,,
"N","MythDora","#3399cc","Fedora Core","2005.6","2011.8.3",,,,,,,,,,,
"N","AsianLinux","#00e3d4","Fedora Core","2005.7.2","2007.4.29",,,,,,,,,,,
"N","FoX","#f4a651","Fedora Core","2004.10","2006.4",,,,,,,,,,,
"N","Ekaaty","#3f7857","Fedora Core","2006.8.15","2016.01.23",,,,,,,,,,,
"N","Amahi","#99aa88","Fedora Core","2007",,,,,,,,,,,,
"N","Vixta","#82c846","Fedora Core","2007.9.20","2018.04.5",,,"Simplis","2008.6",,"Xange","2009.1.7",,"eZeY","2015.01.07",,,,,,,,,,,,
"N","Ojuba","#437644","Fedora Core","2008.8.7",,,,,,,,,,,,
"N","Moblin 2","#3366bb","Fedora Core","2008.8.19","2010.5.26",,,,,,,,,,,
"N","Red Flag Desktop","#e34043","Fedora Core","2009","2021.1.10",,,,,,,,,,,
"N","MeeGo","#4e2174","Moblin 2","2010.5.26","2011.10.3",,,,,,,,,,,
"N","Mer","#002bb8","MeeGo","2011.10.3","2020.8.20",,,,,,,,,,,
"N","Tizen","#555","MeeGo","2011.9",,,,,,,,,,,,
"N","Sailfish OS","#32A283","Mer","2013.11.27",,,,,,,,,,,,
"N","VortexBox","#d92727","Fedora Core","2008.11.28","2022.03.06",,,,,,,,,,,
"N","Hanthana","#3366a9","Fedora Core","2009.11.17","2018.04.14",,,,,,,,,,,
"N","Qubes OS","#666","Fedora Core","2010.4.7",,,,,,,,,,,,
"N","Synergy","#1aa800","Fedora Core","2010.6.15","2013.06.26",,,,,,,,,,,
"N","Fusion","#0060ff","Fedora Core","2010.10.14","2012.8.18",,,,,,,,,,,
"N","Fuduntu","#4aa02c","Fedora Core","2010.11.7","2013.4.28",,,,,,,,,,,
"N","Kororaa ","#706f7f","Fedora Core","2010.12.23","2018.05.2",,,"Korora","2013.05.02",,,,,,,
"N","Parsidora","#027ac6","Fedora Core","2010.12.28","2017.07.15",,,,,,,,,,,
"N","Viperr","#1e1e1e","Fedora Core","2011.12.13","2017.09.28",,,,,,,,,,,
"N","Maui OS","#5997de","Fedora Core","2013.05.29","2017.01.1",,,"Hawaii OS","2016.06.26",,,,,,,
"N","Chapeau","#477700","Fedora Core","2013.9","2018.02.16",,,,,,,,,,,
"N","OsoLinux","#78b419","Fedora Core","2016.12.6",,,,,,,,,,,,
"N","Ultramarine Linux","#000890","Fedora Core","2021.12.16",,,,,,,,,,,,
"N","SuliX","#FFAB20","Red Hat","2003.11.3",,,,,,,,,,,,
"N","PUIAS","#b00","Red Hat","2003.12",,,,"Springdale Linux","2013.02.28",,,,,,,
"N","CentOS","#6f4376","Red Hat","2003.12.1",,,,,,,,,,,,
"N","Asterisk at Home","#599116","CentOS","2004.11.9","2012.10",,,"trixbox","2006.6",,,,,,,
"N","Elastix","#df1f29","CentOS","2006.12.29",,,,,,,,,,,,
"N","BlueOnyx","#0e264c","CentOS","2008.12.31",,,,,,,,,,,,
"N","OpenNode","#004d99","CentOS","2010.2.21",,,,,,,,,,,,
"N","EulerOS","#59b9f6","CentOS","2010",,,,,,,,,,,,
"N","openEuler","#59b9f6","EulerOS","2019.9.19",,,,,,,,,,,,
"N","Red Flag Asianux Server openEuler","#e34043","openEuler","2021.3.16",,,,,,,,,,,,
"N","NethServer","#259ed5","CentOS","2015.01.28",,,,,,,,,,,,
"N","Baruwa","#00a8dc","CentOS","2015.8.10",,,,,,,,,,,,
"N","Rockstor","#e96748","CentOS","2013.11.20",,,,,,,,,,,,
"N","CentOS Stream","#6f4376","CentOS","2019.09.24",,,"",,,,,,,,,
"N","White Box","#737373","Red Hat","2003.12.17","2009.8",,,,,,,,,,,
"N","Tao","#56c1ff","Red Hat","2004.12.4","2006.6.14",,,,,,,,,,,
"N","BioBrew","#21896c","Red Hat","2004.1.20","2005.2.23",,,,,,,,,,,
"N","CERN","#4078c3","Red Hat","2004.4.16",,,,,,,,,,,,
"N","Scientific","#191756","Red Hat","2004.5.10",,,,,,,,,,,,
"N","EuroLinux","#005ba5","Scientific","2015.7.15",,,,,,,,,,,,
"N","StartCom","#000","Red Hat","2004.8.26","2012.07.08",,,,,,,,,,,
"N","Endian","#7cb900","Red Hat","2006.7.13",,,,,,,,,,,,
"N","Oracle Enterprise","#f00","Red Hat","2006.10.25",,,,"Oracle Linux","2007.6.26",,,,,,,
"N","KylinOS","#1086E1","Red Hat","2009","2010.12.16",,,,,,,,,,,
"N","CloudLinux OS","#005DB4","Red Hat","2010.01",,,,,,,,,,,,
"N","FrameOS","#000","Red Hat","2010.7.15",,,,,,,,,,,,
"N","ServOS","#4b78a7","Red Hat","2011.7","2015",,,,,,,,,,,
"N","AlmaLinux","#082336","Red Hat","2021.03.30",,,,,,,,,,,,
"N","Rocky Linux","#10b981","Red Hat","2021.4.30",,,,,,,,,,,,
"N","EuroLinux ","#005ba5","Red Hat","2021.05.5",,,,,,,,,,,,
"N","Red Flag Asianux Server","#e34043","Red Hat","2015.9",,,,,,,,,,,,
,,,,,,,,,,,,,,,,
"N","Jurix","#9f9f9f",,"1995.2.8","1997",,,,,,,,,,,

"N","S.u.S.E Linux","#4bb679","Jurix","1996.5",,,,"SuSE Linux","1998.12.21",,"SUSE Linux","2003.10.15",,"openSUSE","2006.12.7",,
"N","SUSE Linux Enterprise Server","#7ad4aa","S.u.S.E Linux","2000.10.31",,,,,,,,,,,,
"N","Astaro","#ebb64c","S.u.S.E Linux","2000.1","2012.07.17",,,,,,,,,,,
"N","Caixa Mágica","#50b9e6","S.u.S.E Linux","2000.10","2017.08.4",,,,,,,,,,,
"N","United Linux","#040404","S.u.S.E Linux","2002.11.19","2004.1.22",,,,,,,,,,,
"N","SCO Linux","#5ea3db","United Linux","2002.11.19","2003.05.12",,,,,,,,,,,
"N","Stresslinux","#000","S.u.S.E Linux","2003.07.4","2010.04.13",,,,,,,,,,,
"N","Sun JDS","#000","S.u.S.E Linux","2003.11.10","2006.5.30",,,,,,,,,,,
"N","Linkat","#fcbe32","S.u.S.E Linux","2006.9.12","2009.10.15",,,,,,,,,,,
"N","JOPUX","#000","S.u.S.E Linux","2012.3.30",,,,,,,,,,,,
"N","GeckoLinux","#2EE360","S.u.S.E Linux","2016.03",,,,,,,,,,,,
"N","EasyNAS","#BC7B37","S.u.S.E Linux","2016.05",,,,,,,,,,,,
"N","Anthon","#000","S.u.S.E Linux","2011.11.19","2013.1",,,,,,,,,,,
"N","Keysoft","#454545","S.u.S.E Linux","2014.12.27",,,,,,,,,,,,
"N","Rockstor ","#e96748","S.u.S.E Linux","2020.7.19",,,,,,,,,,,,
,,,,,,,,,,,,,,,,
"N","Enoch","#a0a0f0",,"1999.12",,,,"Gentoo","2002.3.31",,,,,,,
"N","Ututo","#ba3232","Enoch","2000.10","2015.4.17",,,"Ututo XS","2005.6",,,,,,,
"N","Ututo-e","#d30110","Ututo","2004.3","2015.4.17",,,,,,,,,,,
"N","Gentoox","#0050ff","Enoch","2003.3","2010.01.28",,,,,,,,,,,
"N","Jollix","#ffee55","Enoch","2003.4.17","2004.5.12",,,,,,,,,,,
"N","Navyn OS","#224488","Enoch","2004.6.1","2005.1.1",,,,,,,,,,,
"N","VidaLinux","#718969","Enoch","2004.10.4","2013.11.26",,,"VLOS","2005.9.9",,,,,,,
"N","Knopperdisk","#0089cc","Enoch","2004.12.29","2010.02.24",,,,,,,,,,,
"N","Pentoo","#000100","Enoch","2005.2",,,,,,,,,,,,
"N","epiOS","#2181B0","Enoch","2005.3","2007.10",,,,,,,,,,,
"N","RR4","#e9b689","Enoch","2005.10",,,,"Sabayon","2006.8.16",,,,,,,
"N","Bintoo","#89c8e9","Enoch","2005.12.11","2007.1",,,,,,,,,,,
"N","Kororaa","#706f7f","Enoch","2005.12.12","2007.11.7",,,,,,,,,,,
"N","Pardus","#da9746","Enoch","2005.12.26","2013.03.27",,,,,,,,,,,
"N","Papug","#0082ff","Enoch","2006.11","2012.12.31",,,,,,,,,,,
"N","Calculate","#faa61a","Enoch","2007.6.6",,,,,,,,,,,,
"N","Toorox","#333333","Enoch","2007.11.28","2016.01.01",,,,,,,,,,,
"N","Funtoo","#333399","Enoch","2008.9",,,,,,,,,,,,
"N","SystemRescueCD","#508fee","Enoch","2008.3.3","2019.02.02",,,,,,,,,,,
"N","Nova","#3d778a","Enoch","2009.2.12","2016",,,,,,,,,,,
"N","Chromium OS","#5EAAB6","Enoch","2009.11.19",,,,,,,,,,,,
"N","Chrome OS","#039405","Chromium OS","2011.06.15",,,,,,,,,,,,
"N","CoreOS","#F15F6F","Chromium OS","2013.10.3","2020.05.26",,,"Container Linux","2016.12.12",,,,,,,
"N","Flatcar Container Linux","#09BAC8","CoreOS","2018.03.06",,,,,,,,,,,,
"N","CloudReady","#0971ce","Chromium OS","2015.04.21",,,,,,,,,,,,
"N","NayuOS","#3e72a1","Chromium OS","2016.02.1",,,,,,,,,,,,
"N","Flint OS","#222222","Chromium OS","2016.10.28",,,,,,,,,,,,
"N","Liberté","#114488","Enoch","2010.5.5","2015.09.01",,,,,,,,,,,
"N","Hadron","#00aadd","Enoch","2011.5.17",,,,,,,,,,,,
"N","AnikOS","#000","Enoch","2011.5.22","2015.09.20",,,,,,,,,,,
"N","OccupyOS","#000","Enoch","2011.10.23",,,,,,,,,,,,
"N","Daphile","#9f1d35","Enoch","2013.07.09",,,,,,,,,,,,
"N","Porteus Kiosk","#0C0073","Enoch","2015.03.02",,,,,,,,,,,,
"N","wtfplay-live","#000","Enoch","2016.02",,,,,,,,,,,,
,,,,,,,,,,,,,,,,
"N","Arch Linux","#0771a6",,"2002.3.11",,,,,,,,,,,,
"N","AL-AMLUG","#77aacc","Arch Linux","2003.7.4","2006.5.17",,,"Archie","2005.3.25",,,,,,,
"N","ArchPwn","#000","Arch Linux","2009.3","2010",,,,,,,,,,,
"N","Chaox","#000","Arch Linux","2008.12","2010.2.18",,,,,,,,,,,
"N","Chakra","#3276b1","Arch Linux","2008.12.21",,,,,,,,,,,,
"N","LinHES","#92bac4","Arch Linux","2009.1.28",,,,,,,,,,,,
"N","FireFly","#000","Arch Linux","2009.6.2","2010",,,,,,,,,,,
"N","KahelOS","#e74a47","Arch Linux","2009.7","2015.04.10",,,,,,,,,,,
"N","CTKarchLive","#000","Arch Linux","2009.7.5","2014.04.07",,,"CTKArch","2011.4.7",,,,,,,
"N","Arch Linux ARM","#0771a6","Arch Linux","2009.8.9",,,,,,,,,,,,
"N","TalkingArch","#600060","Arch Linux","2009.11","2017.4.7",,,,,,,,,,,
"N","ArchBang","#0077bb","Arch Linux","2010.1.26",,,,,,,,,,,,
"N","Parabola","#787dab","Arch Linux","2010.11",,,,,,,,,,,,
"N","LDR","#000","Arch Linux","2011.4.13","2011.06.11",,,,,,,,,,,
"N","Manjaro","#3fbb3f","Arch Linux","2011.7.9",,,,,,,,,,,,
"N","Netrunner Rolling","#5997de","Manjaro","2014.09",,,,,,,,,,,,
"N","Sonar GNU-Linux","#2F8E95","Manjaro","2015.3.25","2020.09.15",,,,,,,,,,,
"N","Bluestar Linux","#13C2FE","Arch Linux","2011.11.10",,,,,,,,,,,,
"N","Bridge","#333333","Arch Linux","2012.1.30","2018.02.15",,,,,,,,,,,
"N","PoliArch","#8F92A4","Arch Linux","2012.05.13","2018.10.26",,,,,,,,,,,
"N","Nosonja","#000","Arch Linux","2012.3.1",,,,,,,,,,,,
"N","BBQLinux","#0bbcf7","Arch Linux","2012.11.4",,,,,,,,,,,,
"N","BlackArch","#880001","Arch Linux","2012.12",,,,,,,,,,,,
"N","Tux Hat Linux Arch","#000","Arch Linux","2013.5.24","2015.3.7",,,,,,,,,,,
"N","AudioPhile Linux","#0a94c1","Arch Linux","2013.01.24","2019.12.23",,,,,,,,,,,
"N","JuNest","#8b4513","Arch Linux","2014.10.18","2017.10.18",,,,,,,,,,,
"N","Cinnarch","#214084","Arch Linux","2012.7.19","2019.05.21",,,"Antergos","2013.5.12",,,,,,,
"N","arkOS","#15548a","Arch Linux","2014.3.18","2017.4",,,,,,,,,,,
"N","Arch Anywhere","#0771a6","Arch Linux","2015","2017",,,,,,,,,,,
"N","Anarchy Installer","#0771a6","Arch Anywhere","2017",,,,,,,,,,,,
"N","Obarun","#1f94be","Arch Linux","2015.07",,,,,,,,,,,,
"N","Apricity OS","#5BD8B6","Arch Linux","2015.07.28","2017.05.7",,,,,,,,,,,
"N","VeltOS","#d02525","Arch Linux","2015.09.25","2017.8.18",,,,,,,,,,,
"N","theShell OS","#00f600","Arch Linux","2016.02.12","2018.7.24",,,,,,,,,,,
"N","MorpheusArch","#bbbbbb","Arch Linux","2016.02.24",,,,,,,,,,,,
"N","ArchStrike","#00a7ab","Arch Linux","2016.06.26",,,,,,,,,,,,
"N","OBRevenge OS","#5c5c5c","Arch Linux","2016.07.26","2018.06.5",,,"Revenge OS","2017.07.20",,,,,,,
"N","SwagArch","#1793D1","Arch Linux","2016.09.1","2019.6.30",,,,,,,,,,,
"N","ArchLabs","#3f3f3f","Arch Linux","2017.1.1",,,,,,,,,,,,
"N","Archman","#B22222","Arch Linux","2017.2.19",,,,,,,,,,,,
"N","ArchEX","#0771a6","Arch Linux","2017.3.27",,,,,,,,,,,,
"N","Hyperbola","#c0c0c0","Arch Linux","2017.4.15",,,,,,,,,,,, 
"N","Liri OS","#ff5722","Arch Linux","2017.6.1",,,,,,,,,,,,
"N","Artix","#12ba64","Arch Linux","2017.7.27",,,,,,,,,,,,
"N","Nambi","#d74a38","Arch Linux","2017.8.27","2020.2.6",,,,,,,,,,,
"N","ArchMerge","#6790EB","Arch Linux","2017.09.15",,,,"ArcoLinux","2018.03.11",,,,,,,
"N","Arch Linux 32","#0771a6","Arch Linux","2017.11.08",,,,,,,,,,,,
"N","Condres OS","#268ac7","Arch Linux","2017.12.16","2019.9.2",,,,,,,,,,,
"N","Feliz","#FCAB1E","Arch Linux","2018","2018",,,,,,,,,,,
"N","Garuda Linux","#ff9933","Arch Linux","2019.09.01",,,,,,,,,,,,
"N","SystemRescueCD ","#508fee","Arch Linux","2019.02.02",,,,"SystemRescue","2020.10.17",,,,,,,
"N","EndeavourOS","#7f3ebf","Arch Linux","2019.06.23",,,,,,,,,,,,
"N","RebornOS","#139ACA","Arch Linux","2019.11.04",,,,,,,,,,,,
"N","Snal Linux","#3E2211","Arch Linux","2019.11.21",,,,,,,,,,,,
"N","Openxi","#242035","Arch Linux","2020.01","2020.05",,,,,,,,,,,
"N","AlterLinux","#006eff","Arch Linux","2020.4.2",,,,,,,,,,,,
"N","Mabox Linux","#3fbb3f","Manjaro","2017.2.1",,,,,,,,,,,,
"N","FWUL","#495f00","Manjaro","2017.2.13",,,,,,,,,,,,
"N","Kibojoe Linux","#3fbb3f","Manjaro","2017.7.2","2018.4",,,,,,,,,,,
"N","Manjaro Strit","#3fbb3f","Manjaro","2017.7","2018.3",,,,,,,,,,,
"N","GuruMan Linux KDE","#5883b0","Manjaro","2018.11.16","2018.11.16",,,,,,,,,,,
"N","Manjaro: Gaming Edition","#ffff00","Manjaro","2016.6.15","2019.2.25",,,,,,,,,,,
"N","Manjaro: Web Developer Edition ","#ffff00","Manjaro","2019.8.3","2019.8.7",,,,,,,,,,,
"N","Henkjaro","#3fbb3f","Manjaro","2020.2.7","2020.2.7",,,,,,,,,,,
"N","HefftorLinux","#ff2f36","Arch Linux","2020.3.15",,,,,,,,,,,,
"N","DarkOs","#000","Arch Linux","2020.07.08",,,,,,,,,,,,
"N","XeroLinux","#5344FE","Arch Linux","2021.04.20",,,,,,,,,,,,
"N","CachyOS","#149C75","Arch Linux","2021.10.10",,,,,,,,,,,,
"N","CathookOS","#3fbb3f","Manjaro","2020.3.7",,,,,,,,,,,,
"N","Manjaro Cutefish","#3fbb3f","Manjaro","2021.5.26",,,,,,,,,,,,
,,,,,,,,,,,,,,,,
"N","MCC Interim","#696a48",,"1992.2","1996.4.23",,,,,,,,,,,
"N","TAMU","#3a34bc",,"1992.5","1994.10",,,,,,,,,,,
"N","Yggdrasil","#668f53",,"1992.12.8","1995.5",,,,,,,,,,,
"N","DLD","#9e9e9e",,"1993","1999.12",,,,,,,,,,,
"N","LST","#4e8969",,"1993.12","1997.3.23",,,,,,,,,,,
"N","Caldera OpenLinux","#5ea3db","LST","1996.2","2002.11.19",,,"SCO OpenLinux","2002.8.26",,,,,,,
"N","Redmond","#33812b","Caldera OpenLinux","2001.12.8","2005.6.15",,,"Lycoris Desktop/LX","2002.1",,,,,,,
"N","Bogus","#8ecab5",,"1994.1","1994.10",,,,,,,,,,,
"N","Xdenu","#613980",,"1995","1996.5",,,,,,,,,,,
"N","Linux-FT","#ff0031",,"1995.1","1996.10",,,,,,,,,,,
"N","Mini","#55b7f4",,"1995.2","1995.10",,,,,,,,,,,
"N","Trans-Ameritech","#ff1600",,"1995.3","1997.1",,,,,,,,,,,
"N","Unifix","#334466",,"1995.6","2001",,,,,,,,,,,
"N","Linux Universe","#000",,"1995.10","1998.10",,,,,,,,,,,
"N","Craftworks","#ff6cc4",,"1996","1998.4",,,,,,,,,,,
"N","DILINUX","#ff5f00",,"1996.4","1998.2",,,"DOSLINUX","1997.10",,,,,,,
"N","mkLinux","#35332d",,"1996.5.17","2002.8.11",,,,,,,,,,,
"N","Monkey","#8b3706",,"1996.10","1997.5.8",,,,,,,,,,,
"N","Linux Router Project","#000",,"1997","2002",,,,,,,,,,,
"N","LEAF","#00b4d7","Linux Router Project","2000.10.29",,,,,,,,,,,,
"N","Weaver","#ff9600",,"1997.9","2007.3",,,"Nitix","2004.1",,,,,,,
"N","uClinux","#4b78ff",,"1998.1",,,,,,,,,,,,
"N","ROCK","#77781b",,"1998.8","2010",,,,,,,,,,,
"N","T2","#09345f","ROCK","2004.10.3",,,,,,,,,,,,
"N","Project Ballantin","#000",,"1998.11","1999.5.17",,,,,,,,,,,
"N","FREESCO","#5588bb","Project Ballantin","1999.5.17","2017.03.30",,,,,,,,,,,
"N","tomsrtbt","#000",,"1998.11.6","2002.5.4",,,,,,,,,,,
"N","Coyote","#282896",,"1998.12","2004.04.14",,,,,,,,,,,
"N","eIT easyLinux","#189069",,"1999.2.10","2001.10",,,,,,,,,,,
"N","ELinOS","#0d3b69",,"1999.3",,,,,,,,,,,,
"N","Peanut","#4ac250",,"1999.12","2016.03.1",,,"aLinux","2005.3",,,,,,,
"N","BluePoint","#5b62ec",,"1999.12","2001.11.14",,,,,,,,,,,
"N","Linux From Scratch","#000",,"1999.12",,,,,,,,,,,,
"N","ZENIX","#009999","Linux From Scratch","2003.2.10","2004.10.24",,,,,,,,,,,
"N","NuTyX","#ae0001","Linux From Scratch","2007.11.28",,,,,,,,,,,,
"N","KaarPux","#cb4b16","Linux From Scratch","2012.8.6",,,,,,,,,,,,
"N","AryaLinux","#FF6600","Linux From Scratch","2015.9.13","2020.04",,,,,,,,,,,
,,,,,,,,,,,,,,,,
"N","KaeilOS","#FF0000",,"2000.1",,,,,"INFO:",,,,,,,
"N","SmoothWall GPL","#d06bd0",,"2000.8.30",,,,"SmoothWall Express","2003.11.0",,,,,,,
"N","IPCop","#8065ce","SmoothWall GPL","2002.1.5","2018.02.23",,,,,,,,,,,
"N","IPFire","#66000f","IPCop","2005.8",,,,,,,,,,,,
,,,,,,,,,,,,,,,,
"N","CRUX","#4d699b",,"2001.1",,,,,,,,,,,,
"N","Beehive","#69c0c7",,"2001.2.19","2003.8.7",,,,,,,,,,,
"N","Midori","#75e184",,"2001.3.13","2003.10",,,,,,,,,,,
"N","Leka Rescue Floppy","#e0d3b6",,"2001.4.1","2003.6.1",,,,,,,,,,,
"N","Openwall","#000",,"2001.5.15",,,,,,,,,,,,
"N","dyne:bolic","#f1ca6d",,"2001.6","2014.09.8",,,,,,,,,,,
"N","OpenWRT","#557788",,"2001.6.1",,,,,,,,,,,,
"N","JarroNegro","#FDC92B",,"2005",,,,,,,,,,,,
"N","libreCMC","#000",,"2012.10.20",,,,,,,,,,,,
"N","Lede Project","#607891","OpenWRT","2016.6.3","2018.01.2",,,,,,,,,,,
"N","Ark Linux","#545454",,"2001.8","2011.05.15",,,,,,,,,,,
"N","NetStation","#116daa",,"2001.8.28","2003.9",,,,,,,,,,,
"N","Thinstation","#000","NetStation","2003.8.30",,,,,,,,,,,,
"N","LPS","#2757ab","Thinstation","2007.3.21",,,,"TENS","2017.03.31",,,,,,,
"N","Sorcerer","#36ce3b",,"2001.10","2004.06.20",,,,,,,,,,,
"N","Lunar Linux","#6257cd","Sorcerer","2002.3",,,,,,,,,,,,
"N","Source Mage","#bf3032","Sorcerer","2002.4",,,,,,,,,,,,
,,,,,,,,,,,,,,,,
"N","Tinfoil Hat","#000",,"2002.2","2003",,,,,,,,,,,
"N","LinuxConsole","#333333",,"2002.10",,,,,,,,,,,,
,,,,,,,,,,,,,,,,
"N","GoboLinux","#6da697",,"2003",,,,,,,,,,,,
"N","Yoper","#c63937",,"2003.1.9","2011.04.30",,,,,,,,,,,
"N","UHU","#ccc",,"2003.4.18","2017.07.15",,,,,,,,,,,
"N","GeeXboX","#5050ff",,"2003.5.16","2016.11.1",,,,,,,,,,,
"N","Puppy","#dec374",,"2003.6",,,,,,,,,,,,
"N","eLux","#1236BB",,"2003.12",,,,,,,,,,,,
"N","TEENpup","#227","Puppy","2007.3.2","2011.03.26",,,"Legacy OS","2010.9.3",,,,,,,
"N","veket","#30fb0f","Puppy","2007.8",,,,,,,,,,,,
"N","lucky8k-veket","#30fb0f","veket","2009.9",,,,,,,,,,,,
"N","Macpup","#538cc3","Puppy","2008.6.13","2016.08.23",,,,,,,,,,,
"N","Sage Live CD","#7777ff","Puppy","2010.11.23","2015.10.19",,,,,,,,,,,
"N","Saluki","#ff9900","Puppy","2011.11.21",,,,,"INFO:",,,,,,,
"N","Simplicity","#000","Puppy","2013.7.5",,,,,,,,,,,,
"N","Quirky","#000",,"2010.5.5","2018.12.16",,,,,,,,,,,
"N","Devil","#de2323",,"2003.10.20","2018.01.7",,,,,,,,,,,
,,,,,,,,,,,,,,,,
"N","NixOS","#6666dd",,"2004.2.14",,,,,,,,,,,,
"N","GuixSD","#ffcb01",,"2012.11.22",,,,"Guix System","2019.05.02",,,,,,,
"N","QiLinux","#ffd133",,"2004.3.19","2009.07.31",,,,,,,,,,,
"N","Natures Linux","#0f0",,"2004.3.30","2007.8.20",,,,,,,,,,,
"N","Openfiler","#5f86ac",,"2004.5","2012.04.13",,,,,,,,,,,
"N","Octoz","#ce6816",,"2004.7","2007.3",,,"Hedinux","2005.9.26",,,,,,,
"N","Specifix","#332c55",,"2004.7.14","2010",,,"rPath","2005.6.2",,,,,,,
"N","Foresight","#a3a3a3","Specifix","2005.3","2015.5",,,,,,,,,,,
"N","Oz","#5da0c6","Specifix","2007","2008",,,,,,,,,,,
"N","Frugalware","#676a97",,"2004.11.2",,,,,,,,,,,,
"N","paldo","#2a6096",,"2004.12.9",,,,,,,,,,,,
,,,,,,,,,,,,,,,,
"N","BrazilFW","#0076b1",,"2005.10.5",,,,,,,,,,,,
,,,,,,,,,,,,,,,,
"N","Jarro Negro","#000",,"2006.1.18","2017.02.24",,,,,,,,,,,
"N","Ophcrack","#8fc442",,"2006.3.24",,,,,,,,,,,,
"N","Alpine Linux","#5f8dd3",,"2006.5.4",,,,,,,,,,,,
"N","postmarketOS","#009900","Alpine Linux","2017.5.6",,,,,,,,,,,,
"N","Everest","#005896",,"2006.6.5","2018.01.1",,,"Qomo","2009.5",,,,,,,
"N","Zeroshell","#0000c0",,"2006.6.25",,,,,,,,,,,,
,,,,,,,,,,,,,,,,
"N","SliTaz","#000",,"2007.4.1",,,,,,,,,,,,
"N","Tiny SliTaz","#df8f06","SliTaz","2010.6.1",,,,,,,,,,,,
"N","神雕SliTaz","#df8f06","SliTaz","2011.4.4",,,,,,,,,,,,
"N","openmamba","#4db90a",,"2007.6",,,,,,,,,,,,
"N","Syllable Server","#4488bb",,"2007.10","2013.06.08",,,,,,,,,,,
"N","Ångström","#9cc32a",,"2007.12",,,,,,,,,,,,
"N","PLoP","#c0c0d8",,"2007.12.26",,,,,,,,,,,,
,,,,,,,,,,,,,,,,
"N","Void Linux","#478061",,"2008",,,,,,,,,,,,
"N","AgarimOS","#FB2531","Void Linux","2020.12.07",,,,,,,,,,,,

"N","Exherbo","#006600",,"2008.5.20",,,,,,,,,,,,
,,,,,,,,,,,,,,,,
"N","Tiny Core","#4f5f82",,"2009.1.5",,,,,,,,,,,,
"N","piCorePlayer","#7E7E7E","Tiny Core","2013.6.16",,,,,,,,,,,,
"N","dCore","#4f5f82","Tiny Core","2013.06.28",,,,,,,,,,,,
"N","Nanolinux","#BFC3BF","Tiny Core","2013.11.23",,,,,,,,,,,,
"N","Dragora","#56b04f",,"2009.3.13",,,,,,,,,,,,
"N","webOS","#3ea3bd",,"2009.6.6",,,,,,,,,,,,
"N","LuneOS","#48a9f6","webOS","2014.09.1",,,,,,,,,,,,
"N","OpenELEC","#88BDE1",,"2009.9.6","2020.06.3",,,,,,,,,,,
"N","Lakka","#C0392B","OpenELEC","2015.5",,,,,,,,,,,,
"N","LibreELEC","#000CB5","OpenELEC","2016.3",,,,,,,,,,,,
,,,,,,,,,,,,,,,,
"N","Igelle","#e77918",,"2010.2.22",,,,,,,,,,,,
"N","0Linux","#10a409",,"2010.3.3","2017.09.9",,,,,,,,,,,
"N","4M","#888",,"2010.10.10",,,,,,,,,,,,
,,,,,,,,,,,,,,,,
"N","ProteanOS","#455ca7",,"2012.6.15",,,,,,,,,,,,
"N","noop","#303030",,"2012.7.20",,,,,,,,,,,,
"N","Bedrock","#00b070",,"2012.8.3",,,,,,,,,,,,
,,,,,,,,,,,,,,,,
"N","AOSC OS","#32405a",,"2013.6",,,,,,,,,,,,
"N","CDLinux ","#2cc3e9",,"2013",,,,,,,,,,,,
,,,,,,,,,,,,,,,,
"N","KaOS","#75B9E7",,"2014.04.18",,,,,,,,,,,,
"N","Minimal Linux Live","#6633FF",,"2014.07.28",,,,,,,,,,,,
"N","Pisi Linux","#D1007C",,"2014.11.05",,,,,,,,,,,,
,,,,,,,,,,,,,,,,
"N","Evolve OS","#4d4d4d",,"2015.01.26",,,,"Solus","2015.05.17",,,,,,,
"N","Clear Linux","#80E0DA",,"2015.02.09",,,,,,,,,,,,
"N","RancherOS","#3BC7D2",,"2015.02.09",,,,,,,,,,,,
"N","Super Grub2 Disk","#ff6633",,"2015.02.15",,,,,,,,,,,,
"N","OviOS","#000",,"2015.7.13",,,,,,,,,,,,
,,,,,,,,,,,,,,,,
"N","Asteroid OS","#e67e22",,"2016.12.7",,,,,,,,,,,,
"N","januslinux","#7e7eff",,"2016.12.14",,,,"Ataraxia Linux","2019.04.10",,,,,,,,,
"N","Batocera","#000",,"2016.12.26",,,,,,,,,,,,
"N","Serpent OS","#358dc7",,"2020.6.30",,,,,,,,,,,,
"N","Chimera Linux","#EA3D54",,"2022.2.4",,,,,,,,,,,,
"N","Avouch Linux","#1B963A",,"2022.5.26",,,,,,,,,,,,
,,,,,,,,,,,,,,,,
"N","Android","#a4c639",,"2007.11.5",,,,,,,,,,,,
"N","CyanogenMod","#33B5E5","Android","2009.7.1","2016.12.31",,,,,,,,,,,
"N","Replicant","#ff0000","Android","2010.9.9",,,,,,,,,,,,
"N","Cyanogen OS","#217594","CyanogenMod","2015.3","2016.12.31",,,,,,,,,,,
"N","LineageOS","#167C80","CyanogenMod","2016.12.23",,,,,,,,,,,,
"N","Android-x86","#1DA066","Android","2009.09.1",,,,,,,,,,,,
"N","AndEX","#1DA066","Android","2015.03.07",,,,,,,,,,,,
"N","Remix OS","#1FC8F5","Android-x86","2015.11.18","2017.07.17",,,,,,,,,,,
"N","Phoenix OS","#585858","Android-x86","2016.01.23",,,,,,,,,,,,
"N","Android-IA","#006ECA","Android","2012.08.29","2018.10.02",,,,,,,,,,,
"N","OmniROM","#A5C53E","Android","2013.08.23",,,,,,,,,,,,
"N","Android Wear","#a4c639","Android","2014.03.18",,,,"Wear OS","2018.03.15",,,,,,,
"N","CopperheadOS","#167C80","Android","2015.04.21",,,,,,,,,,,,
"N","Project Brillo","#a4c639","Android","2015.05.28",,,,"Android Things","2016.12.13",,,,,,,
"N","CesiumOS","#adcbf1","Android","2018",,,,,,,,,,,,
,,,,,,,,,,,,,,,,
,,,,,,,,,,,,,,,,
"#","Connectors",,,,,,,,,,,,,,,
"#","Leaving 'To When' empty will result in using 'From When' as this value",,,,,,,,,,,,,,,
"#","From When","From","To When","To","Thickness","Color",,,,,,,,,,
"C","1998.6","Debian",,"MNIS","2","#bf1238",,,,,,,,,,
"C","2000.2","ARMA",,"ARMA aka Omoikane","2","#bfd0d6",,,,,,,,,,
"C","2000.4","Debian",,"Demolinux","2","#bf1238",,,,,,,,,,
"C","2004.7","Debian",,"Medialinux","2","#bf1238",,,,,,,,,,
"C","2005.10.23","Finnix",,"Finnix ","4","#000",,,,,,,,,,
"C","2006.6.21","Debian",,"Danix","2","#bf1238",,,,,,,,,,
"C","2006.4","Debian",,"Bayanihan","2","#bf1238",,,,,,,,,,
"C","2006.5","Debian",,"Symphony OS","2","#bf1238",,,,,,,,,,
"C","2006.7.1","Debian",,"B2D","2","#bf1238",,,,,,,,,,
"C","2006.7.16","Debian",,"Dreamlinux","2","#bf1238",,,,,,,,,,
"C","2007.3","MAX",,"MAX ","2","#477dbe",,,,,,,,,,
"C","2007.12.3","Debian",,"MEPIS","2","#bf1238",,,,,,,,,,
"C","2008.2","Debian",,"Lihuen","2","#bf1238",,,,,,,,,,
"C","2008.3.1","ParallelKnoppix",,"PelicanHPC","2","#a0553c","# ParallelKnoppix rebased on Debian, name change",,,,,,,,,
"C","2009.2.11","Debian",,"Auditor Security Collection","2","#bf1238",,,,,,,,,,
"C","2009.3.25","Debian",,"Musix","2","#bf1238",,,,,,,,,,
"C","2009.5.8","Debian",,"AV","2","#bf1238",,,,,,,,,,
"C","2010.1.9","Auditor Security Collection",,"Backtrack ","4","#557c94",,,,,,,,,,
"C","2010.3.19","Debian",,"CrunchBang","2","#bf1238",,,,,,,,,,
"C","2010.1.26","CrunchBang",,"ArchBang","2","#bf1238",,,,,,,,,,
"C","2010.6","Debian",,"Eeebuntu","2","#bf1238",,,,,,,,,,
"C","2010.10.10","Debian",,"Joatha","2","#bf1238",,,,,,,,,,
"C","2011.5.24","Debian",,"Zenix OS","2","#bf1238",,,,,,,,,,
"C","2012.8.15","Debian",,"Airinux","2","#bf1238",,,,,,,,,,
"C","2013.3.14","Backtrack ",,"Kali","2","#557c94",,,,,,,,,,
"C","2013.3.27","Pardus",,"Pardus ","2","#da9746",,,,,,,,,,
"C","2013.6.28","Debian",,"dCore","1","#bf1238","# Tiny Core spin-off compatible with Debian",,,,,,,,,
"C","2013.8.6","Debian",,"gNewSense","2","#bf1238",,,,,,,,,,
"C","2013.09.07","Raspyfi",,"Volumio","2","#48bd87",,,,,,,,,,
"C","2014.03.24","MEPIS",,"MX Linux","4","#506e88",,,,,,,,,,
"C","2014.03.24","antiX",,"MX Linux","2","#000",,,,,,,,,,
"C","2020.05.10","AV",,"AV Linux MX Edition","4","#334466",,,,,,,,,,
"C","2015.02.15","Rescatux",,"Super Grub2 Disk","2","#ff6633","# Made from the same developer of Rescatux",,,,,,,,,
"C","2015.06.28","Raspbmc",,"OSMC","4","#0090c4",,,,,,,,,,
"C","2016.10.23","Xinutop",,"Xinutop ","4","#002658",,,,,,,,,,
"C","2016.10.23","Netrunner",,"Netrunner ","4","#5997de","# Netrunner rebased to Debian from 16.09 release",,,,,,,,,
"C","2004.07.22","Hiwix",,"Hiweed Linux","4","#15A7E5",,,,,,,,,,
"C","2006.09.25","Hiweed Linux",,"Hiweed Linux ","4","#15A7E5",,,,,,,,,,
"C","2015.12.30","Hiweed Linux ",,"deepin","4","#15A7E5",,,,,,,,,,
"C","2017.11.16","Slax",,"Slax ","4","#aadc87",,,,,,,,,,
"C","2009","Red Flag",,"Red Flag Desktop","4","#e34043",,,,,,,,,,
"C","2021.1.10","Red Flag Desktop",,"Red Flag Desktop ","4","#e34043",,,,,,,,,,
"C","2021.3.16","Red Flag Asianux Server",,"Red Flag Asianux Server openEuler","2","#e34043",,,,,,,,,,
,,,,,,,,,,,,,,,,
"C","2005.6.17","Ubuntu",,"MoLinux","2","#e95420",,,,,,,,,,
"C","2006.2.8","Ubuntu",,"Guadalinex","2","#e95420",,,,,,,,,,
"C","2006.7.21","Ubuntu",,"MEPIS","2","#e95420",,,,,,,,,,
"C","2006.11","Ubuntu",,"Medialinux","2","#e95420",,,,,,,,,,
"C","2007.4","Ubuntu",,"Lindows","2","#e95420",,,,,,,,,,
"C","2007.12","Ubuntu",,"LliureX","2","#e95420",,,,,,,,,,
"C","2008.1","Ubuntu",,"Symphony OS","2","#e95420",,,,,,,,,,
"C","2008.6.24","Ubuntu",,"Kurumin","2","#e95420",,,,,,,,,,
"C","2008.7.24","Ubuntu",,"Trisquel","2","#e95420",,,,,,,,,,
"C","2010.11.8","Ubuntu",,"Nova","2","#e95420",,,,,,,,,,
"C","2011.6.3","Ubuntu",,"Caixa Mágica","2","#e95420",,,,,,,,,,
"C","2011.11.25","Ubuntu",,"Linkat","2","#e95420","# Linkat rebased from OpenSUSE to Ubuntu",,,,,,,,,
"C","2012.7.3","Ubuntu",,"Amahi","2","#e95420",,,,,,,,,,
"C","2013.5.6","Ubuntu",,"PC/OS","2","#e95420",,,,,,,,,,
,,,,,,,,,,,,,,,,
"C","2005.7.3","Whoppix",,"WHAX","2","#000",,,,,,,,,,
"C","2008.8.2","Lindows",,"Corel","2","#3b806e",,,,,,,,,,
"C","2010.5.26","OS2005",,"MeeGo","4","#fa8700",,,,,,,,,,
"C","2013.10.28","SolusOS","2015.01.26","Evolve OS","4","#757A75",,,,,,,,,,
,,,,,,,,,,,,,,,,
"C","2007.12.06","DEFT Linux",,"DEFT Linux ","4","#555555",,,,,,,,,,
"C","2010.11.9","DEFT Linux ",,"DEFT Linux  ","4","#555555",,,,,,,,,,
"C","2010.7.9","Kubuntu",,"Netrunner","2","#4f5695",,,,,,,,,,
"C","2014.5.17","Xubuntu",,"DeepinX","2","#15A7E5",,,,,,,,,,
"C","2010.9.7","Linux Mint",,"Linux Mint Debian Edition","2","#5fec52","# Ikey Doherty made that",,,,,,,,,
"C","2012.05.07","Linux Mint Debian Edition",,"SolusOS","1","#5fec52","# Ikey Doherty made that",,,,,,,,,
"C","2007.12.30","Ultumix",,"Ultumix ","4","#000",,,,,,,,,,
"C","2008.11.15","Ultumix ","2009.5.22","JULinux","4","#000",,,,,,,,,,
"C","2010.3.12","JULinux",,"JULinux ","4","#000",,,,,,,,,,
"C","2014.8.5","JULinux ",,"JULinux  ","4","#000",,,,,,,,,,
"C","2016.4.3","JULinux  ",,"JULinux   ","4","#000",,,,,,,,,,
"C","2018.7.11","JULinux   ",,"JULinux    ","4","#000",,,,,,,,,,
"C","2014.09.00","Netrunner",,"Netrunner Rolling","2","#5997de","# Netrunner present Netrunner Rolling, based on Manjaro",,,,,,,,,
"C","2016.08.13","Netrunner",,"Maui Linux","2","#5997de","# Maui will continue as the previously Kubuntu based version of the Netrunner desktop line, Maui marks the transition from Kubuntu to KDE Neon",,,,,,,,,
"C","2017.10.10","Ubuntu GNOME",,"Ubuntu","4","#0087ed",,,,,,,,,,
"C","2014.6.26","ue17remix",,"SparkyLinux","4","#898483",,,,,,,,,,
"C","2006","Gnoppix","2022.3.20","Gnoppix ","4","#18AEC1",,,,,,,,,,,
,,,,,,,,,,,,,,,,
"C","1993.12","Slackware",,"LST","2","#000",,,,,,,,,,
"C","2006.2.5","WHAX",,"Auditor Security Collection","3","#445fff",,,,,,,,,,
"C","2007.8","Slackware",,"Wolvix","2","#000",,,,,,,,,,
"C","1999.12","Stampede",,"Enoch","1","#866846",,,,,,,,,,
"C","2009.7.27","Minislack",,"SLAMPP","2","#496da7",,,,,,,,,,
"C","2015.03.02","Porteus",,"Porteus Kiosk","2","#000099","# Porteus Team made a webkiosk Gentoo based OS",,,,,,,,,
,,,,,,,,,,,,,,,,
"C","1996.5","S.u.S.E",,"S.u.S.E Linux","2","#7ad4aa",,,,,,,,,,
"C","2020.7.19","Rockstor",,"Rockstor ","2","#e96748",,,,,,,,,,
,,,,,,,,,,,,,,,,
"C","2002.11.19","S.u.S.E Linux",,"United Linux","2","#7ad4aa","# UnitedLinux was created by a consortium of four Linux vendors -- SuSE, Turbolinux, Conectiva, and SCO. SuSE Linux will act as the systems integrator for the distribution",,,,,,,,,
"C","2002.11.19","Caldera OpenLinux",,"United Linux","2","#5ea3db",,,,,,,,,,
"C","2002.11.29","Turbolinux",,"United Linux","2","#8c99ce",,,,,,,,,,
"C","2002.11.9","Conectiva",,"United Linux","2","#4c3065",,,,,,,,,,
,,,,,,,,,,,,,,,,
"C","1996.5","Red Hat",,"S.u.S.E Linux","2","#cc0000",,,,,,,,,,
"C","1998.4","Red Hat",,"mkLinux","2","#cc0000",,,,,,,,,,
"C","2004.7.14","Red Hat",,"Specifix","1","#cc0000",,,,,,,,,,
,,,,,,,,,,,,,,,,
"C","2010.12.16","KylinOS",,"COSIX Linux","4","#B60009",,,,,,,,,,
"C","2010.12.16","KylinOS","2014.12.11","KylinOS ","4","#1086E1",,,,,,,,,,
"C","2020.4.8","COSIX Linux",,"KylinOS ","2","#B60009",,,,,,,,,,
"C","2022.6.24","Ubuntu Kylin",,"openKylin ","2","#1A4CDB",,,,,,,,,,
,,,,,,,,,,,,,,,,
"C","2003.11.6","Fedora Core",,"ASPLinux","2","#362e94",,,,,,,,,,
"C","2003.11.7","Fedora Core",,"Berry","2","#362e94",,,,,,,,,,
"C","2004","Fedora Core",,"Aurox","2","#362e94",,,,,,,,,,
"C","2004.1.12","Fedora Core",,"Linpus","2","#362e94",,,,,,,,,,
"C","2004.3.4","Fedora Core",,"Bayanihan","2","#362e94",,,,,,,,,,
"C","2004.4","Fedora Core",,"BLAG","2","#362e94",,,,,,,,,,
"C","2004.7.14","BU Linux",,"BU Linux ","4","#e30000",,,,,,,,,,
"C","2004.9.26","Fedora Core",,"Pingo","2","#362e95",,,,,,,,,,
"C","2004.12","Fedora Core",,"AnNyung","2","#362e94",,,,,,,,,,
"C","2004.11.8","Fedora Core",,"Trustix","2","#362e94",,,,,,,,,,
"C","2005.9.26","Fedora Core",,"ATmission","2","#362e94",,,,,,,,,,
"C","2008.8.19","Fedora Core",,"Moblin","2","#362e94",,,,,,,,,,
"C","2010.5.26","Fedora Core",,"MeeGo","2","#362e94",,,,,,,,,,
,,,,,,,,,,,,,,,,
"C","2004.12.19","CentOS",,"Openfiler","2","#6f4376",,,,,,,,,,
"C","2005.6","CentOS",,"ClarkConnect","2","#6f4376",,,,,,,,,,
"C","2005.6","CentOS",,"Rocks","2","#6f4376",,,,,,,,,,
"C","2005.8.20","CentOS",,"e-smith","2","#6f4376",,,,,,,,,,
,,,,,,,,,,,,,,,,
"C","2004.5.10","Scientific",,"Fermi","2","#191756",,,,,,,,,,
"C","2004.6","Red Flag",,"Asianux","4","#e34043",,,,,,,,,,
"C","2015.9","Asianux",,"Red Flag Asianux Server","4","#e34043",,,,,,,,,,
"C","2015.9","Asianux",,"Miracle Linux","4","#00ab4f",,,,,,,,,,
"C","2005.6.15","Redmond",,"Mandrake","2","#33812b",,,,,,,,,,
"C","2005.1.24","Conectiva",,"Mandrake","2","#4c3065",,,,,,,,,,
"C","2006.6.14","Tao",,"CentOS","2","#56c1ff",,,,,,,,,,
"C","2006.7","PCLinuxOS",,"SAM","2","#78ca75",,,,,,,,,,
"C","2007.12.1","Mandrake",,"Caixa Mágica","2","#3f48c9",,,,,,,,,,
"C","2009.11.8","Aurora",,"Fedora Core","2","#ffa51e",,,,,,,,,,
,,,,,,,,,,,,,,,,
"C","2002.3","Enoch",,"Ututo","2","#a0a0f0",,,,,,,,,,
"C","2008.5.20","Enoch",,"Exherbo","1","#a0a0f0",,,,,,,,,,
"C","2007.11.7","Kororaa","2010.12.23","Kororaa ","2","#706f7f","# Christopher Smart new OS",,,,,,,,,
"C","2018.03.6","Flint OS",,"CloudReady","1","#222222",,,,,,,,,,
"C","2019.02.02","SystemRescueCD",,"SystemRescueCD ","2","#508fee",,,,,,,,,,
,,,,,,,,,,,,,,,,
"C","2005.11.23","Arch Linux",,"Underground Desktop","2","#0771a6",,,,,,,,,,
"C","2008.5.28","Arch Linux",,"DeLi Linux","1","#0771a6",,,,,,,,,,
"C","2011.8.13","Arch Linux",,"DeLi Linux","2","#0771a6",,,,,,,,,,
"C","2012.2.13","Arch Linux",,"Liquid Lemur","2","#0771a6",,,,,,,,,,
"C","2017.07.27","Manjaro",,"Artix","1","#3fbb3f",,,,,,,,,,
"C","2013.5.24","Tux Hat Linux Debian",,"Tux Hat Linux Arch","4","#000",,,,,,,,,,
,,,,,,,,,,,,,,,,
"C","1996.5","Jurix",,"S.u.S.E","1","#9f9f9f",,,,,,,,,,
"C","1996.5","Jurix",,"S.u.S.E Linux","4","#9f9f9f","# SUSE has rebased from Slackware to Jurix",,,,,,,,,
"C","1997.3.23","LST",,"Caldera OpenLinux","2","#4e8969",,,,,,,,,,
"C","1996.10","Linux-FT",,"Caldera OpenLinux","2","#ff0031",,,,,,,,,,
"C","1999.12","DLD",,"Red Hat","2","#9e9e9e",,,,,,,,,,
"C","2001.1","Linux From Scratch",,"CRUX","1","#000",,,,,,,,,,
"C","2002.3.11","CRUX",,"Arch Linux","1","#4d699b",,,,,,,,,,
"C","2007.11.28","CRUX",,"NuTyX","1","#4d699b",,,,,,,,,,
"C","2009.10","CRUX",,"Kwort","2","#4d699b",,,,,,,,,,
"C","2012.02.10","CRUX",,"Thinstation","2","#4d699b",,,,,,,,,,
"C","2006.5.4","LEAF",,"Alpine Linux","1","#00b4d7",,,,,,,,,,
"C","2006.9.29","Specifix",,"Openfiler","2","#332c55",,,,,,,,,,
"C","2007.2.6","QiLinux","2007.6","openmamba","2","#ffd133",,,,,,,,,,
"C","2007.11","Linux From Scratch",,"IPFire","2","#000",,,,,,,,,,
"C","2008.4.30","SliTaz",,"Ophcrack","2","#000",,,,,,,,,,
"C","2010.5.5","Puppy",,"Quirky","2","#dec374",,,,,,,,,,
"C","2012.11.22","NixOS",,"GuixSD","4","#6666dd",,,,,,,,,,
"C","2013.06.28","Tiny Core",,"dCore","4","#4f5f82","# Tiny Core spin-off compatible with Debian",,,,,,,,,
"C","2013","CDLinux",,"CDLinux ","4","#2cc3e9",,,,,,,,,,
"C","2015.02.09","Clear Linux",,"Evolve OS","1","#80E0DA","# Ikey Doherty works for Intel as software engineer on Clear Linux, some ideas has been imported to Solus OS. https://solus-project.com/2015/07/27/clear-inspiration/",,,,,,,,,
"C","2016.03.00","OpenELEC",,"LibreELEC","1","#000CB5","# Scission in OpenELEC, devs fork (all except founder and leader Stephan Raue)",,,,,,,,,
"C","2016.06.03","OpenWRT",,"Lede Project","1","#607891","# Scission in OpenWRT, some devs fork (a merge is being talked)",,,,,,,,,
"C","2017.01.21","LibreELEC",,"Lakka","2","#000CB5","# Lakka rebased to LibreELEC",,,,,,,,,
"C","2018.01.2","Lede Project",,"OpenWRT","4","#607891",,,,,,,,,,
"C","2019.03.29","Mer",,"Sailfish OS","4","#32A283",,,,,,,,,,
,,,,,,,,,,,,,,,,
"C","2015.3","CyanogenMod",,"Cyanogen OS","2","#33B5E5","# CyanogenMod with additional services, made by Cyanogen Inc.",,,,,,,,,
"C","2016.12.23","CyanogenMod",,"LineageOS","2","#33B5E5","# Steve Kondik forked his own project since CyanogenMod is shutting down by Cyanogen Inc. (also Cyanogen OS as OS is shutting down )",,,,,,,,,
,,,,,,,,,,,,,,,,
"#","Domains",,,,,,,,,,,,,,,
"#","Distribution","Color","Intensity",,,,,,,,,,,,,
"D","Debian","#bf1238","15",,,,,,,,,,,,,
"D","Slackware","#000000","15",,,,,,,,,,,,,
"D","Red Hat","#cc0000","15",,,,,,,,,,,,,
"D","S.u.S.E Linux","#4bb679","22",,,,,,,,,,,,,
"D","Enoch","#a0a0f0","22",,,,,,,,,,,,,
"D","Arch Linux","#0771a6","10",,,,,,,,,,,,,
"D","Android","#a4c639","15",,,,,,,,,,,,,
,,,,,,,,,,,,,,,,
"#","Images",,,,,,,,,,,,,,,
"#","File Path","x Position","y Position",,,,,,,,,,,,,
"SVG","images/tux.svg","585","90",,,,,,,,,,,,,
"SVG","images/info-connectors.svg","120","310",,,,,,,,,,,,,
